01171873244
01251218183
01251219850
01251223435
01251226564
01251259049
01251259184
01251259217
01251259223
01251259225
01251259450
01251259455
01251259457
01251259766
01251259808
01251259978
01251259979
01251259980
01251259981
01251259982
01251259983
01251261966
01261259982
02171673890
02171925060
02171927813
02171927820
02190000000
02190002875
02190015508
02190016478
02190019121
02190019655
02190020215
02190022045
02190024994
02190037705
02190043819
02190044877
02190045648
02190049464
02190050581
02190063161
02190072118
02190072392
02190076178
02190076351
02190078013
02190078484
02190080929
02190084043
02190084578
02190084857
02190091120
02190094334
02190094337
02190097821
02190113054
02190116237
02190117787
02190134054
02190137213
02190143728
02190145821
02190150453
02190150732
02190151513
02190153488
02190156062
02190156377
02190158978
02190159602
02190163725
02190165019
02190167017
02190170159
02190170875
02190175816
02190176140
02190180928
02190181387
02190181624
02190181631
02190181670
02190181874
02190181932
02190182007
02190185193
02190187664
02190188543
02190190332
02190191666
02190194121
02190194173
02190194244
02190194559
02190195290
02190196314
02190197473
02190210106
02190216556
02190216804
02190239722
02190240742
02190244613
02190245017
02190249704
02190250367
02190256485
02190258665
02190273346
02190284175
02190290412
02190293917
02190304279
02190311430
02190317672
02190321856
02190364356
02190364512
02190371375
02190393764
02190423222
02190424268
02190424330
02190428977
02190429012
02190431171
02190431429
02190431449
02190443978
02190444010
02190444890
02190488915
02190489357
02190489869
02190489926
02190490138
02190490149
02190490215
02190490307
02190490346
02190490396
02190490400
02190510838
02190512249
02190512254
02190512442
02190514392
02190514404
02190514446
02190514464
02190514488
02190514500
02190514501
02190514574
02190514589
02190514591
02190514594
02190514595
02190514636
02190514894
02190514898
02190514932
02190514936
02190514938
02190514943
02190514958
02190514959
02190514988
02190515029
02190515044
02190515103
02190515141
02190515171
02190515248
02190515258
02190515352
02190516144
02190516612
02190517537
02190518178
02190518848
02190519020
02190519186
02190519356
02190519361
02190519505
02190520850
02190520966
02190548707
02190605080
02190623151
02190624272
02190636670
02190679973
02190788296
02190788857
02190789055
02190789197
02190789278
02190789323
02190789324
02190789338
02190789458
02190801056
02190802161
02190805132
02190805648
02190805695
02190807832
02190816717
02190818088
02190819136
02190819276
02190819385
02190819757
02190820710
02190820816
02190863161
02190863495
02190863502
02190872006
02190873445
02190894705
02190896449
02190898049
02190898155
02190898456
02190898761
02190918308
02190918312
02190918338
02190918450
02190919222
02190919233
02190919274
02190919892
02190921025
02190927376
02190928520
02190934896
02190935028
02190935491
02190935563
02190942416
02190942424
02190942438
02190942447
02190942451
02190942454
02190942475
02190942476
02190942480
02190942492
02190942528
02190942544
02190942559
02190942578
02190942605
02190942608
02190942611
02190942639
02190942650
02190942651
02190942653
02190942812
02190943028
02190943471
02190943729
02190943730
02190943731
02190943735
02190943744
02190943747
02190943755
02190943958
02190943995
02190944036
02190944037
02190944038
02190944056
02190944057
02190944073
02190944123
02190944125
02190944190
02190944191
02190944193
02190944194
02190944205
02190944243
02190944357
02190944385
02190944401
02190944440
02190944456
02190944478
02190944483
02190944570
02190944626
02190944718
02190944763
02190944794
02190944819
02190945027
02190945193
02190945250
02190945745
02190945772
02190946667
02190947057
02190947181
02190947211
02190947217
02190947223
02190947225
02190948991
02190948997
02190949245
02190950119
02197542135
02250010523
02250011053
02250011135
02250012169
02250012831
02250012858
02250014259
02250015480
02250015491
02250015556
02250023534
02250024645
02250032888
02250033408
02250034808
02260083387
02260083619
02450078813
02450079720
02450080046
02450081439
02450081646
02450082348
02450083809
02450084297
02450084766
02450084769
02450084800
02450085193
02450085290
02450085473
02450085474
02450085839
02450086875
02450086880
02450087090
02450087130
02450087673
02450087891
02450088582
02450089888
02450090040
02450090112
02450090909
02450091146
02450091919
02450095776
02450095949
02450102977
02450103361
02450103451
02450105879
02450116535
02450117735
02450118958
02450118959
02450119128
02450119178
02450130299
02450147501
02450148518
02450150198
02450150430
02450340925
02450341595
02450341949
02450343021
02450345083
02450345968
02460043352
02460044313
02460044352
02460044390
02460044411
02460044886
02460044946
02460044975
02460045171
02460045173
02460045213
02460045316
02460045321
02460045405
02460045536
02460045584
02460045751
02460045791
02460045858
02460046154
02460061777
02460061879
02460061908
02460062380
02460062523
02460062670
02460062716
02460062928
02460063067
02460072366
02460073198
02460076466
02460076468
02470000805
02470000992
02470001071
02470001391
02470008700
02470009371
02470011227
02470011493
02470011940
02470012485
02470012529
02470012677
02470014999
02470015009
02470015013
02470015014
02470015018
02470015106
02470015169
02530003414
02530004145
02530004429
02530005970
02530005972
02530007403
02530007409
02530007615
02530007740
02530007919
02530008048
02530008350
02530008458
02530009794
02530010398
02530010874
02530010998
02530011117
02530011610
02530012131
02530012173
02530012233
02530012254
02530012449
02530013686
02530013829
02530014001
02530014340
02530014368
02530014518
02530014536
02530014624
02530014631
02530014851
02530015100
02530015263
02530015435
02530015806
02530015912
02530016142
02530016197
02530016386
02530016403
02530016442
02530017024
02530017029
02530017093
02530017224
02530017556
02530017572
02530017574
02530017705
02530017795
02530017822
02530017832
02530018033
02530018055
02530018056
02530018212
02530018310
02530018356
02530018512
02530018523
02530018529
02530018941
02530018958
02530018982
02530019320
02530019437
02530019475
02530019821
02530020062
02530020103
02530034972
02530034977
02530034979
02530035968
02530036329
02530036392
02530036438
02530036479
02530036498
02530036570
02530036636
02530037274
02530037285
02530037485
02530037869
02530037878
02530038155
02530038316
02530038384
02530038394
02530038801
02530038820
02530038932
02530038947
02530038958
02530039259
02530039434
02530039466
02530039576
02530039694
02530039957
02530040241
02530040404
02530040809
02530040850
02530040878
02530040886
02530041441
02530047694
02530053711
02530054191
02530054536
02530054725
02530055215
02530055344
02530071489
02530071703
02530073695
02530075833
02530082080
02530083690
02530087649
02530087883
02530087915
02530087919
02530087983
02530088194
02530088197
02530088283
02530088366
02530088906
02530088923
02530090571
02530090882
02530091682
02530091698
02530099008
02530123152
02530172887
02530172946
02530173692
02530174070
02530174193
02530174243
02530174817
02530175070
02530175076
02530175376
02530180279
02530180393
02530180745
02530182791
02530182944
02530187023
02530187350
02530187538
02530187655
02530188351
02530188824
02530188825
02530188830
02530189283
02530189385
02530189398
02530189794
02530189801
02530189833
02530189839
02530189842
02530189849
02530189852
02530189853
02530189854
02530207155
02530208450
02530208510
02530208952
02530208988
02530209110
02530209133
02530209194
02530209237
02530209608
02530209729
02530209739
02530209896
02530213866
02530213877
02530213885
02530213888
02530214023
02530214169
02530214275
02530214854
02530215274
02530216732
02530216835
02530216846
02530216892
02530216906
02530217115
02530217126
02530217167
02530217658
02530239276
02530240549
02530241786
02530241940
02530242140
02530242154
02530242161
02530242188
02530242200
02530242539
02530242649
02530243377
02530249075
02530249122
02530249151
02530249162
02530250005
02530250009
02530250086
02530250497
02530251614
02530252509
02530253178
02530253205
02530253323
02530262503
02530281040
02530281072
02530281271
02530281284
02530281326
02530281408
02530281409
02530281451
02530281452
02530281461
02530281466
02530281488
02530281560
02530281612
02530281636
02530281751
02530887937
02550001812
02550002000
02550002059
02550003043
02550003807
02550003819
02550004057
02550008117
02550079601
02550079995
02550080038
02550080360
02550080372
02550080399
02550080400
02550111008
02550112975
02550114468
02550114472
02550116497
02550118391
02550118394
02550118455
02550120235
02550124561
02550127076
02550134991
02550135122
02550135513
02550135526
02550135536
02550150341
02550150552
02550150587
02550150749
02550151861
02550151882
02550151929
02550152135
02550152142
02550154474
02550154497
02550154498
02550154950
02550158535
02550166442
02550167605
02550170560
02550170808
02550171261
02550171374
02550179404
02550179607
02550179996
02550451820
04190082139
05190066427
05190067465
05190072160
05190076407
05190076790
05190081247
05195063643
05195437206
05195446873
05195448380
05195499917
05195499976
05195505344
05195505479
05195505535
05195507297
05195508353
05195511174
05195517179
05195520955
05195521250
05195521309
05195523230
05195609091
05195609274
05195609474
05195610050
05195610056
05195610343
05195610582
05195610639
05195610788
05195610918
05195611075
05195611177
05195612497
05195612567
05195612647
05195612651
05195612919
05195613029
05195613323
05195613433
05195614802
05195614928
05195615002
05195616904
05195620231
05195627867
05195628114
05195628363
05195629348
05195630294
05195630466
05195630468
05195630478
05195630490
05195630502
05195630754
05195630892
05195631211
05195632708
05195632780
05195634761
05195649766
05195650967
05196611075
05451481775
05455016532
05455024337
05455033515
05455044542
05455044543
05455045864
05455049383
05455049406
05455052151
05455052426
05455052817
05455053553
05455054223
05455055675
05455056214
05455063344
05455064150
05455067262
05455068276
05455068281
05455116681
05455118347
05455122505
05455132562
05455139786
05455145106
05455148012
05455150356
05455151025
05455181129
05455188147
05455192907
05455193885
05455194145
05455194495
05455231195
05455235393
05455257770
05455257791
05455262675
05455269166
05455271109
05455273752
05455273861
05455273884
05455273924
05455286072
05455303046
05455304139
05455305779
05455310285
05455313014
05455314663
05455314672
05455376096
05455377841
05455377870
05455377908
05455377950
05455377991
05455388715
05455399585
05455404276
05455408104
05455411920
05455412899
05455412964
05455413538
05455414381
05455415514
05455417741
05455417976
05455423409
05455424823
05455425896
05455426720
05455426739
05455427398
05455458981
05455489840
05455493688
05455497342
05455497837
05455497868
05455497881
05455498068
05455498235
05455498911
05455499778
05455499809
05455499831
05455499834
05455499848
05455499851
05455499883
05455499944
05455499974
05455500007
05455500051
05455501532
05455501583
05455501854
05455501863
05455502253
05455503910
05455504312
05455504317
05455507807
05455508051
05455508316
05455508377
05455508944
05455509085
05455509137
05455909247
05455909336
05465024064
05465025384
05465025536
05465025955
05470001419
05470001639
05470005859
05470006248
05470006338
05530042669
05530049710
05530049865
05530049972
05530050026
05530050090
05530050155
05530050178
05530050184
05530050200
05530050212
05530050266
05530050532
05530050604
05530050641
05530050642
05530050762
05530050836
05530050900
05530051023
05530051060
05530051343
05530051482
05530051594
05530051636
05530051795
05530052019
05530052076
05530052178
05530130138
05530130300
05530131186
05530132000
05530132105
05530132367
05530134247
05530134385
05530134699
05530135000
05530136245
05530186700
05530200792
05530201464
05530201510
05530201792
05530201939
05530202289
05530202504
05530232209
05530233484
05530233521
05530233567
05530233610
05530233993
05530234010
05530234011
05530234013
05530234015
05530234034
05530234088
05550070865
06190001574
06190012471
06190013338
06190013384
06190013920
06190013925
06190014004
06190014179
06190014191
06190014259
06190014260
06190014268
06190014279
06190014281
06190014308
06190014473
06190014577
06190014641
06190014686
06190014692
06190026476
06190026583
06190026600
06190026725
06190026782
06190026787
06190026921
06190027891
06190027897
06190027898
06190028208
06190028219
06190028667
06190029202
06190029751
06190029840
06190029860
06190031102
06190031104
06190031105
06190031107
06190031108
06190031110
06190031115
06190031116
06190031148
06190031152
06190031155
06190031165
06190031200
06190031202
06190031208
06190031228
06190031229
06190031230
06190031261
06190031348
06190031697
06190031780
06190031782
06190031783
06190031786
06190031787
06190032022
06190032427
06190032449
06190032462
06190032498
06190032503
06190032508
06190032523
06190032526
06190032726
06190032749
06190033210
06190033279
06190033293
06190033317
06190033415
06190033417
06190033737
06190033740
06190033752
06190033860
06190033864
06190033868
06190034187
06190034198
06190034219
06190034228
06190034235
06190034236
06190034246
06190034403
06190034418
06190034420
06190034421
06190034425
06190034432
06190034440
06190034442
06190034450
06190034479
06190034483
06190034486
06190035120
06190036352
06190036377
06190036380
06190036383
06190036392
06190036397
06190036398
06190036403
06190036404
06190036406
06190036409
06190036410
06190036414
06190036417
06190036419
06190036433
06190036434
06190036451
06190036837
06190036839
06190036840
06190036847
06190036849
06190036861
06190039027
06190039029
06190039214
06190039318
06190039678
06190042650
06190044503
06190050959
06190050968
06190052653
06190052655
06190053794
06190053894
06190057069
06190057608
06190057783
06190058130
06190058133
06190059353
06190059354
06190059355
06190059356
06190059358
06190059360
06190059362
06190059844
06190059886
06190060094
06190060633
06190060729
06190060732
06190060744
06190060771
06190060775
06190060851
06190067117
06190067132
06190067136
06190067198
06190067199
06190067208
06190067214
06190067219
06190067374
06190067381
06190067719
06190067720
06190067723
06190067724
06190067731
06190067739
06190067752
06190067770
06190067838
06190067839
06190067843
06190067866
06190067871
06190069386
06190069405
06190075405
06190077787
06190080003
06190080730
06190080733
06190080754
06190090428
06190093394
06190093458
06190093468
06190095545
06190096116
06190096684
06190096697
06190098025
06190098258
06190098259
06190098269
06190098457
06190098464
06190098468
06190098481
06190318369
06190318496
06190318508
06190344974
06190381727
06190385134
06190403182
06190403185
06190403978
06190407919
06190409100
06190416684
06190416686
06190416690
06190416717
06190417067
06190417626
06190417628
06190417968
06190420865
06190421510
06190421511
06190421514
06190421516
06190421556
06190421796
06190421802
06190422339
06190423311
06190423540
06190424768
06190424826
06190424828
06190424853
06190425019
06190425021
06190425671
06190502149
06190548137
06190548236
06190551643
06190552401
06190553190
06190554019
06190554094
06190554097
06190554237
06190554977
06190557218
06190557223
06190560185
06190560286
06190561306
06190563552
06190596971
06190596999
06190597304
06190597329
06190597347
06190597789
06190597875
06190597879
06190597880
06190597890
06190597999
06190598003
06190598032
06190598034
06190598036
06190598052
06190598071
06190598121
06190598122
06190598123
06190598134
06190598151
06190598170
06190598288
06190598294
06190598336
06190598401
06190598418
06190598453
06190598488
06190598530
06190598538
06190598545
06190598994
06190599035
06190599182
06190599306
06190600237
06190600239
06190600242
06190600250
06190600251
06190600277
06190600278
06190600338
06190600391
06190600414
06190600421
06190600436
06190600457
06190600458
06190600473
06190600475
06190600476
06190600478
06190600479
06190600482
06190600484
06190600550
06190600556
06190600565
06190600579
06190600580
06190600624
06190600640
06190600674
06190600694
06190600898
06190606251
06190606295
06190606299
06190606338
06190606355
06190606575
06190606711
06190606718
06190606723
06190606803
06190606921
06190607021
06190607027
06190607125
06190607132
06190699339
06250020868
06250020885
06250028839
06250029066
06250035588
06250037600
06250063033
06450023101
06450040096
06450040466
06450041051
06450041053
06450042002
06450042004
06450042820
06450044447
06450044662
06450044668
06450044669
06450045027
06450045501
06450045566
06450081473
06450082925
06450085916
06450086116
06450086425
06450088122
06450088580
06450094359
06450095502
06450095553
06450096301
06450096379
06450099097
06450101192
06450101232
06450101656
06450102509
06450132138
06450132220
06450133992
06450134011
06450134072
06450134113
06450136024
06450139703
06450141006
06450143853
06450148242
06450148261
06450149507
06450149544
06450149712
06450154478
06450157704
06450158756
06450159973
06450160041
06450164898
06450189638
06450206781
06450240813
06450311906
06450314242
06450317896
06450349433
06450357958
06450358037
06450358169
06450358200
06450358212
06450358263
06450358785
06450358921
06450359156
06450359570
06450365142
06450365230
06450365554
06450365556
06450376888
06450377084
06450377493
06450377703
06450377704
06450378575
06450378586
06450378691
06450379051
06450379069
06450379070
06450379071
06450391753
06450393130
06450395831
06450401948
06450417322
06450420579
06450420611
06450420612
06450420847
06450421523
06450422519
06450422521
06450423793
06450435612
06450440606
06450440848
06450440942
06450447412
06450447502
06455154838
06460015445
06460024746
06530173614
07170149856
07170151063
07170151069
07170217719
07170223689
07170223720
07170288209
07170315190
07190083554
07190088848
07190089489
07190089506
07190089507
07190089563
07190089748
07190092251
07190092314
07190092708
07190092735
07190093150
07190093161
07190093172
07190093173
07190093176
07190093179
07190093180
07190093183
07190093272
07190095344
07190097260
07190098049
07190098099
07190102060
07190102649
07190103036
07190103312
07190103369
07190103523
07190103549
07190104209
07190104210
07190104406
07190104461
07190104715
07190104854
07190106140
07190107685
07190107821
07190108608
07190108624
07190108697
07190109013
07190109134
07190109156
07190109264
07190110389
07190110438
07190110615
07190110792
07190111185
07190111384
07190111503
07190111620
07190111692
07190111771
07190111841
07190111905
07190111958
07190112055
07190112095
07190112318
07190112326
07190112331
07190112488
07190112767
07190113134
07190113453
07190113501
07190113767
07190113817
07190113890
07190113901
07190113937
07190114004
07190114030
07190114058
07190114314
07190114437
07190114444
07190114544
07190285033
07190286370
07190287034
07190287817
07190287818
07190287833
07190287837
07190287840
07190287847
07190287852
07190287957
07190288077
07190323468
07190377836
07190378002
07190378274
071909442S1
07270001681
07270004486
07270004727
07275001244
07450107952
07455001829
07510112531
07530002169
07530011249
07530040656
07530048836
07530056000
07530056085
07530056360
07530056482
07530056511
07530056634
07530056640
07530056682
07530056934
07530057025
07530057038
07530057097
07530057147
07530057249
07530057447
07530057475
07530057495
07530057727
07530057882
07530058082
07530058360
07530058382
07530058403
07530058453
07530058645
07530059071
07530059455
07530059513
07530059540
07530059546
07530059590
07530059667
07530059952
07530059990
07530060249
07530060497
07530060728
07530060772
07530061088
07530061230
07530061356
07530061431
07530061478
07530061603
07530061657
07530061668
07530061708
07530061841
07530061886
07530061889
07530061899
07530061911
07530061912
07530062077
07530062118
07530062730
07530063015
07530063083
07530063138
07530063142
07530063169
07530063172
07530063180
07530063207
07530063336
07530063443
07530063484
07530063718
07530063857
07530063883
07530063991
07530063997
07530064048
07530064401
07530064473
07530064612
07530064667
07530064719
07530064782
07530064824
07530065439
07530065466
07530065728
07530065912
07530066960
07530068124
07530068167
07530068560
07530068733
07530068780
07530068785
07530068811
07530068944
07530068960
07530068993
07530069037
07530069162
07530069252
07530069427
07530069776
07530069778
07530069859
07530069866
07530076970
07530076979
07530077058
07530077119
07530077121
07530077128
07530077205
07530077212
07530077372
07530077388
07530077410
07530077412
07530077427
07530077453
07530077499
07530077536
07530077692
07530077853
07530077961
07530077966
07530077988
07530078029
07530078086
07530078113
07530078124
07530078129
07530078151
07530078156
07530078171
07530078180
07530078181
07530078230
07530078268
07530078295
07530078479
07530078536
07530078539
07530078825
07530078850
07530078874
07530078879
07530078898
07530078903
07530078904
07530078908
07530078910
07530078912
07530078913
07530078942
07530078946
07530078966
07530079034
07530079052
07530079095
07530079098
07530079273
07530079600
07530079699
07530079750
07530079833
07530079884
07530079905
07530079920
07530079944
07530079968
07530080055
07530080092
07530080093
07530080110
07530080111
07530080119
07530080151
07530080158
07530080159
07530080169
07530080176
07530080181
07530080184
07530080207
07530080211
07530080223
07530080286
07530080290
07530080393
07530080447
07530080473
07530080486
07530080623
07530080629
07530080644
07530080662
07530080663
07530080705
07530080719
07530080723
07530080727
07530080728
07530080730
07530080746
07530080840
07530080843
07530080853
07530080944
07530080969
07530080983
07530080993
07530080995
07530080999
07530081000
07530081008
07530081021
07530081045
07530081051
07530081147
07530081188
07530081193
07530081212
07530081223
07530081243
07530081244
07530081248
07530081331
07530081415
07530081471
07530081564
07530081654
07530081673
07530081707
07530081711
07530081713
07530081745
07530081753
07530081832
07530081905
07530081934
07530081956
07530081964
07530081965
07530081966
07530081971
07530081972
07530081999
07530082071
07530082101
07530082133
07530082134
07530082274
07530082361
07530082470
07530082504
07530082614
07530082617
07530083210
07530083221
07530083265
07530083296
07530083307
07530083311
07530083354
07530083386
07530083467
07530083469
07530083520
07530083567
07530083668
07530083759
07530083792
07530083804
07530088337
07530110301
07530110509
07530111290
07530111317
07530111318
07530111532
07530111540
07530111582
07530111602
07530111613
07530111624
07530111627
07530111641
07530111642
07530111650
07530111674
07530111695
07530111757
07530111759
07530111760
07530111761
07530111801
07530111817
07530111853
07530111936
07530111989
07530112026
07530112044
07530112143
07530112183
07530112224
07530112324
07530112340
07530112348
07530112350
07530112352
07530112363
07530112387
07530112434
07530112472
07530112506
07530112568
07530112733
07530112751
07530112759
07530112760
07530112862
07530112914
07530112987
07530113037
07530113074
07530113112
07530113118
07530113124
07530113126
07530113146
07530113149
07530113157
07530113189
07530113208
07530113213
07530113214
07530113256
07530113370
07530113391
07530113402
07530113441
07530113442
07530113448
07530113470
07530113472
07530113514
07530113517
07530113555
07530113617
07530113625
07530113630
07530113639
07530113645
07530113649
07530113688
07530113720
07530113745
07530113907
07530113918
07530113929
07530113942
07530113960
07530113981
07530113985
07530114011
07530114014
07530114019
07530114046
07530114069
07530114070
07530114092
07530114103
07530114142
07530114276
07530114332
07530114333
07530114334
07530114335
07530114354
07530114367
07530114407
07530114416
07530114425
07530114428
07530114615
07530114780
07530114791
07530114907
07530114991
07530114996
07530115095
07530115178
07530115194
07530115212
07530115296
07530115298
07530115305
07530115324
07530115356
07530115405
07530115415
07530115425
07530115450
07530115482
07530115490
07530115500
07530115512
07530115552
07530115566
07530115567
07530115596
07530115647
07530115682
07530115697
07530115702
07530115705
07530115709
07530115722
07530115731
07530115734
07530115738
07530115748
07530115839
07530115843
07530115870
07530115871
07530115941
07530115945
07530115958
07530115972
07530115978
07530115998
07530116038
07530116081
07530116126
07530116188
07530116190
07530116205
07530116248
07530116257
07530116265
07530116291
07530116327
07530116330
07530116344
07530116373
07530116396
07530116411
07530116414
07530116419
07530116420
07530116442
07530116445
07530116450
07530116517
07530116580
07530116584
07530116595
07530116606
07530116614
07530116631
07530116664
07530116676
07530116724
07530117158
07530117189
07530117203
07530117292
07530117293
07530117298
07530117318
07530117319
07530117396
07530117459
07530121077
07530121219
07530121583
07530121604
07530124190
07530124572
07530124647
07530125108
07530125109
07530125209
07530125216
07530125249
07530125366
07530125370
07530129891
07530155909
07530156073
07530156077
07530156092
07530156108
07530156132
07530156137
07530156141
07530156191
07530156195
07530156199
07530156218
07530156221
07530156233
07530156399
07530156555
07530156561
07530156563
07530156569
07530156573
07530156574
07530156647
07530156699
07530156704
07530156709
07530156922
07530156935
07530156958
07530156970
07530157025
07530157849
07530157853
07530157860
07530157873
07530158026
07530158029
07530158040
07530158042
07530158105
07530158115
07530158182
07530158197
07530158255
07530158285
07530158415
07530158598
07530158634
07530158641
07530158840
07530158891
07530159155
07530159910
07530159925
07530159959
07530159983
07530159985
07530160091
07530160237
07530160422
07530160475
07530160501
07530160513
07530160528
07530160533
07530160793
07530160825
07530160861
07530160864
07530160986
07530161006
07530161050
07530161128
07530161133
07530161152
07530161163
07530161179
07530161180
07530161213
07530161227
07530161231
07530161603
07530185556
07530185579
07530185598
07530185607
07530185758
07530185763
07530185799
07530185972
07530185990
07530186001
07530186007
07530186016
07530186020
07530186021
07530186026
07530186029
07530186037
07530186044
07530186160
07530186165
07530186198
07530186214
07530186244
07530186249
07530186269
07530186276
07530186718
07530186729
07530186732
07530186803
07530186815
07530187067
07530187130
07530187159
07530187351
07530187415
07530187451
07530187461
07530187478
07530187484
07530187494
07530187536
07530187669
07530187687
07530187709
07530187826
07530188061
07530188066
07530188201
07530188628
07530229699
07530230881
07530230885
07530240206
07530240207
07530240210
07530240223
07530240231
07530240246
07530240247
07530240256
07530240258
07530240284
07530240474
07530240481
07530240482
07530240486
07530240490
07530240492
07530240493
07530240509
07530240517
07530240523
07530240526
07530240541
07530240565
07530240569
07530240611
07530240641
07530240645
07530240659
07530240684
07530240685
07530240727
07530240750
07530240758
07530241072
07530241073
07530241076
07530241077
07530241085
07530241089
07530241090
07530241093
07530241677
07530241686
07530241687
07530241700
07530241703
07530241707
07530241709
07530241721
07530241736
07530241748
07530241759
07530241763
07530241766
07530241796
07530241818
07530241823
07530241828
07530241829
07530241833
07530241834
07530241835
07530241838
07530241841
07530241843
07530241848
07530241882
07530241888
07530241894
07530241920
07530241927
07530241951
07530241961
07530241963
07530249164
07530333032
07533082110
07535115741
07538078728
0753G186525
08190193391
08190193392
08190193393
08190228465
08190238548
08190256800
08190273565
08190283753
08190302420
08190338740
08190338778
08190338870
08190338910
08190338931
08190338969
08190339009
08190339010
08190339046
08190339291
08190339295
08190339297
08190339338
08250144754
08250155608
08380004372
08380007172
08460013528
08460031481
08460031482
08460034867
08460037267
08460037302
08460041923
08470006158
08530066160
08530066164
08530066396
08530157389
08530173326
08530173343
08530173457
08530173459
08530173460
08530173462
08530173463
08530173465
08530173481
08530173482
08530173485
08530173489
08530173505
08530173508
08530173514
08530173516
08530173559
08530173560
08530173583
08530173586
08530173587
08530173588
08530173592
08530173603
08530173638
08530173642
08530173644
08530173645
08530173646
08530173647
08530173648
08530173696
08530173709
08530173710
08530173711
08530173712
08530173713
08530173714
08530173717
08530173718
08530173719
08530173720
08530173758
08530173776
08530175883
08550036934
08550051908
08550065615
08550065638
08550065755
08550065784
08550068322
08550069497
08550069515
08550069656
08550069712
08550069713
08550069760
08550070000
08550070030
08550070032
08550070074
08550070140
08550070534
08550070787
08550070837
08550070870
08550070897
08550070932
08550070935
08550070936
08550071945
08550071977
08550072083
08550072098
08550081108
08550085968
08550085990
08550085992
08550086007
08550086015
08550086034
08550086129
08550086130
08550086131
08550086135
08550086136
08550093915
08550093996
08550094016
08550094018
08550094020
08550094021
08550094022
08550094023
08550095026
08550095145
08550095185
08550096540
08550096555
08550096558
08550096566
08550096567
08550096603
08550096716
08550096787
08550096794
08550096810
08550096926
08550096947
08550106370
08550106426
08550106461
08550106493
08550106531
08550107126
08550107127
08550107128
08550107169
08550107172
08550107176
08550107583
08550107626
08550123667
08550123676
08550123677
08550123695
08550123792
08550123793
08550123794
08550123795
08550123807
08550123823
08550124101
08550124117
08550124192
10190044206
10190044343
10190044356
10190045421
10190045425
10190045428
10190045437
20530111846
24170024573
24171007456
24190071363
24190072787
24190072997
24190073005
24190073014
24190073256
24190073262
24190074385
24190074573
24190074582
24190077543
24190120678
24190124594
24190149022
24190180797
24190238671
24190239871
24190240049
24190240561
24190241517
24190242075
24190242938
24190242952
24190242975
24190243360
24190243423
24190243516
24190243726
24190245348
24190245429
24190245468
24190245605
24190280795
24190280796
24190280797
24190281781
24190286655
24190413753
24190414863
24190415085
24190415115
24190415365
24190415366
24190415394
24190415513
24190416337
24190416400
24190416945
24190416948
24190417538
24190417768
24190419102
24190419651
24190419679
24190419741
24190420082
24190420866
24190420871
24190420969
24190421473
24190421616
24190425312
24190425681
24190427069
24190427161
24190427810
24190428166
24190429187
24190429190
24190430543
24190431199
24190432005
24190435780
24198281909
24199153326
24250070122
24250070474
24250070504
24250188584
24250188587
24250188634
24260131053
24270011209
24270011346
24270014240
24460048988
24460049380
24460049473
24460053721
24460053736
24460054764
24460054808
24460073844
24470020008
24470020236
24470025215
24470030600
24470031894
24470031923
24470031963
24470036474
24470036510
24510034793
24530008749
24530009151
24530009432
24530009498
24530014966
24530014967
24530015061
24530018547
24530030320
24530030322
24530030326
24530030440
24530030454
24530030459
24530030460
24530030567
24530030575
24530030580
24530030582
24530030587
24530030602
24530030629
24530030701
24530030767
24530030858
24530030868
24530030874
24530030879
24530030888
24530030891
24530030918
24530030945
24530030947
24530030953
24530030962
24530030972
24530031024
24530031029
24530031138
24530031159
24530031176
24530031186
24530031190
24530031279
24530031306
24530031339
24530031343
24530031344
24530031345
24530031354
24530031381
24530031445
24530031455
24530031458
24530031519
24530031521
24530031528
24530031529
24530031545
24530031584
24530031588
24530031689
24530031690
24530031692
24530031694
24530031701
24530031750
24530031787
24530032077
24530032103
24530032105
24530034250
24530034263
24530034266
24530034268
24530034271
24530034276
24530034280
24530034285
24530034302
24530034518
24530034520
24530034563
24530034595
24530034627
24530034676
24530034725
24530034767
24530034793
24530034814
24530034845
24530034852
24530034857
24530034934
24530034938
24530034947
24530035032
24530035036
24530035085
24530035087
24530035096
24530035737
24530035760
24530035764
24530035898
24530035982
24530036107
24530036113
24530036148
24530036191
24530036197
24530036206
24530036448
24530036479
24530036486
24530036519
24530036560
24530036570
24530036606
24530036645
24530036647
24530036650
24530036675
24530036772
24530036822
24530036887
24530036909
24530036914
24530036915
24530036949
24530037016
24530037071
24530037096
24530037127
24530037185
24530037193
24530037203
24530037207
24530037560
24530037566
24530037570
24530037571
24530037855
24530037866
24530037872
24530037897
24530045477
24530045557
24530045593
24530045630
24530045637
24530045644
24530045651
24530045703
24530045835
24530045836
24530045841
24530046104
24530046170
24530046221
24530046230
24530046244
24530046278
24530046314
24530046318
24530046345
24530046348
24530046410
24530047227
24530048540
24530048542
24530048544
24530066061
24530071060
24530071243
24530071244
24530071254
24530071261
24530071298
24530079845
24530080461
24530080776
24530081461
24530082250
24530082603
24530083144
24530086405
24530088800
24530088832
24530088866
24530088874
24530088907
24530088944
24530088964
24530088973
24530088975
24530088991
24530088993
24530089001
24530089009
24530089083
24530089087
24530089093
24530089100
24530089105
24530089107
24530089128
24530089141
24530089150
24530089161
24530089166
24530089171
24530089222
24530089255
24530089276
24530089288
24530089351
24530089358
24530089369
24530089403
24530089416
24530089420
24530089424
24530089432
24530089452
24530089476
24530089480
24530089503
24530089516
24530089528
24530089530
24530089535
24530089622
24530089623
24530089643
24530089665
24530089709
24530089713
24530089721
24530089722
24530089726
24530089763
24530089769
24530089771
24530089812
24530089826
24530089856
24530089867
24530089889
24530089929
24530089933
24530089937
24530089942
24530089960
24530089984
24530090001
24530090027
24530090042
24530090123
24530090136
24530090149
24530090180
24530090193
24530090222
24530090229
24530090246
24530090260
24530090268
24530090346
24530090353
24530090408
24530090430
24530090459
24530090529
24530090546
24530090571
24530090596
24530090604
24530090605
24530090617
24530090622
24530090623
24530090704
24530090773
24530090775
24530090787
24530090822
24530090863
24530090869
24530090885
24530090899
24530090906
24530090907
24530090911
24530090924
24530090939
24530090958
24530090992
24530091079
24530091085
24530091097
24530091099
24530091114
24530091116
24530091158
24530091160
24530091224
24530091228
24530091244
24530091264
24530091380
24530091385
24530091393
24530091397
24530091414
24530091468
24530091478
24530091484
24530091501
24530091506
24530091533
24530091547
24530091553
24530091614
24530091637
24530091651
24530091665
24530091677
24530091679
24530091689
24530091710
24530091711
24530091736
24530091782
24530091817
24530091818
24530091857
24530091864
24530091865
24530091909
24530091983
24530092003
24530092031
24530092032
24530092120
24530092141
24530092147
24530092149
24530092171
24530092173
24530092177
24530092179
24530092226
24530092227
24530092241
24530092242
24530092246
24530092277
24530092586
24530092606
24530092643
24530092904
24530092918
24530092919
24530092952
24530092954
24530092957
24530092962
24530092968
24530092984
24530093019
24530093035
24530093036
24530093039
24530093044
24530093049
24530093058
24530093059
24530093102
24530093105
24530093143
24530093145
24530093146
24530093149
24530093167
24530093169
24530093175
24530093217
24530093250
24530093256
24530093259
24530093275
24530093292
24530093334
24530093340
24530093355
24530093365
24530093392
24530093405
24530093407
24530093412
24530093415
24530093420
24530093444
24530093462
24530093466
24530093518
24530093524
24530093526
24530093542
24530093547
24530093549
24530093577
24530093613
24530093625
24530093650
24530093653
24530093655
24530093689
24530093692
24530093694
24530093697
24530093720
24530093729
24530093769
24530093780
24530093784
24530093810
24530093811
24530093815
24530093845
24530093885
24530093938
24530093941
24530093966
24530093971
24530093979
24530093985
24530094053
24530094059
24530094100
24530094103
24530094136
24530094152
24530094158
24530094162
24530094181
24530094287
24530094369
24530094436
24530094484
24530094516
24530094560
24530094565
24530094650
24530094652
24530094658
24530094676
24530094688
24530094710
24530094724
24530094728
24530094737
24530094738
24530094739
24530097106
24530098591
24530098599
24530098605
24530106601
24530106610
24530106620
24530106637
24530106643
24530106644
24530106652
24530106653
24530106654
24530106656
24530106657
24530106658
24530106659
24530106669
24530106670
24530106681
24530106686
24530106719
24530106723
24530106724
24530106726
24530106730
24530106732
24530106733
24530106765
24530106782
24530106784
24530106787
24530106788
24530106789
24530106794
24530106850
24530106851
24530106863
24530106864
24530106877
24530106901
24530106956
24530106962
24530106969
24530107050
24530107089
24530107099
24530107101
24530107102
24530107109
24530107113
24530107132
24530107152
24530107153
24530107154
24530107161
24530107162
24530107167
24530116487
24530122917
24530122931
24530122938
24530122950
24530122989
24530123020
24530123063
24530123076
24530123087
24530123100
24530123109
24530123159
24530123173
24530123176
24530123194
24530123197
24530123207
24530123226
24530123234
24530123297
24530123369
24530123377
24530123378
24530123392
24530123474
24530123478
24530123501
24530123505
24530123997
24530124018
24530124048
24530124065
24530124083
24530124117
24530124162
24530124220
24530124352
24530124454
24530124463
24530124477
24530124481
24530124494
24530124521
24530124523
24530124525
24530124526
24530124532
24530124548
24530124568
24530124605
24530124671
24530124687
24530124715
24530124741
24530124783
24530125603
24530125664
24530125666
24530125677
24530125699
24530125752
24530125753
24530125831
24530125835
24530125840
24530125849
24530126000
24530126010
24530126017
24530126090
24530126117
24530126156
24530126180
24530126200
24530126367
24530126368
24530126615
24530126686
24530126810
24530126857
24530126861
24530126895
24530126899
24530148024
24530148025
24530148031
24530148033
24530148035
24530148041
24530148045
24530148047
24530148203
24530148356
24530148370
24530148610
24530148822
24530148824
24530148826
24530148840
24530149953
24530149958
24530149959
24530150472
24530150483
24530151581
24530151582
24530151601
24530151607
24530151611
24530151621
24530151629
24530151632
24530151637
24530151674
24530151689
24530151698
24530151701
24530151710
24530151717
24530151718
24530151723
24530151725
24530151765
24530151777
24530151849
24530151854
24530151859
24530151868
24530151875
24530151886
24530151893
24530151894
24530151913
24530151989
24530151990
24530152013
24530152025
24530152026
24530152083
24530152091
24530152092
24530152097
24530152539
24530152543
24530156904
24530157306
24530157341
24530157346
24530157441
24530157444
24530157546
24530157642
24530157693
24530157718
24530163293
24530163297
24530163665
24530163842
24530164078
24530164081
24530168160
24530168169
24530168222
24530168226
24530171963
24530173291
24530173294
24530173297
24530173300
24530173318
24530173336
24530173345
24530173371
24530173400
24530173426
24530178399
24530178404
24530178427
24530178432
24530178449
24530178702
24530178707
24530178709
24530178718
24530178721
24530178722
24530178726
24530178729
24530178740
24530178754
24530178760
24530178794
24530178804
24530178833
24530178837
24530178838
24530178885
24530178893
24530178896
24530178908
24530178926
24530178927
24530178931
24530178932
24530178937
24530178940
24530178944
24530178949
24530178952
24530178956
24530178960
24530178964
24530178984
24530179048
24530179066
24530179149
24530179161
24530179162
24530179172
24530179177
24530179189
24530179197
24530179198
24530179199
24530179209
24530179224
24530179231
24530179239
24530179245
24530179247
24530179254
24530179259
24530179271
24530192149
24530831289
24530846282
24538845561
25190106232
25190111290
25190112407
25190112983
25190113288
25190116388
25190117691
25190120401
25190121765
25190121933
25190122566
25190123001
25190125000
25190125012
25190126602
25190127697
25190127946
25190129532
25190135442
25190136075
25190137324
25190138834
25190255952
25190299449
25190300171
25190301197
25190302644
25190302697
25190303238
25190303341
25190304389
25190306250
25190306614
25190319149
25190322604
25190323873
25190324066
25190324654
25190325994
25190326579
25190326580
25190328565
25190328633
25190328642
25190333183
25190336545
25190362989
25190432577
25190481628
25190482828
25190482845
25190486950
25190507097
25190542469
25190571327
25190595142
25190602899
25190643978
25190670755
25190677109
25190679580
25190712271
25190712283
25190712311
25190712312
25190712324
25190801103
25190926427
25190927641
25190930817
25190961108
25191072364
25191074178
25191176444
25191177121
25191177195
25191180693
25191185879
25191185880
25191190092
25191191160
25191195808
25191205143
25191214553
25191234060
25191259550
25191263413
25191264189
25191264969
25191266200
25191266274
25191266479
25191270530
25191272256
25191277021
25191289139
25191300243
25191301792
25191303139
25191305017
25191305988
25191310287
25191339290
25191379226
25191385162
25191393293
25191393389
25191395340
25191395670
25191397012
25191447388
25191460600
25191460627
25191544383
25191563146
25191563184
25191564011
25191564311
25191564478
25191565042
25191565050
25191565272
25191651745
25191706447
25191706451
25191707128
25191708313
25191708379
25191708402
25191708544
25191714319
25191715692
25191715697
25191788201
25191788947
25191789494
25191790325
25191790331
25191790335
25191790976
25191791238
25191791566
25191793611
25191793615
25191793618
25191793637
25191793648
25191793652
25191793653
25191793662
25191793665
25191793788
25191793791
25191794308
25191794313
25191806862
25191808310
25191808347
25191808387
25191810370
25191810430
25191810590
25191824028
25191826445
25191830088
25191830336
25191832214
25191850625
25191893520
25191893716
25191893906
25191893908
25191893929
25191893967
25191893982
25191894044
25191894181
25191894186
25191894694
25191894854
25191894859
25191894883
25191894906
25191894921
25191895042
25191897017
25191897733
25191897755
25191934969
25192153303
25193132087
25193145956
25196144646
25199000020
25199000028
25199000047
25199000100
25199000162
25199000204
25199000209
25199000219
25199000287
25199000309
25199000315
25199000410
25199000418
25199000427
25199000575
25199000584
25199000594
25199000598
25199001163
25199001253
25199001381
25199001382
25199002106
25199002243
25199002312
25199002898
25199002905
25199003211
25199003440
25199003450
25199003643
25199003697
25199004866
25199005718
25199005877
25199005884
25199005909
25199006136
25199006242
25199006682
25199007029
25199007606
25199007641
25199007692
25199008198
25199009784
25199021042
25199027907
25199028377
25199029659
25199030067
25199030301
25199030360
25199031376
25199033280
25199033734
25199033954
25199034282
25199034541
25199034648
25199035485
25199035504
25199035524
25199035991
25199131143
25199131158
25199131351
25199132319
25199132351
25199132526
25199132993
25199133049
25199133479
25199133511
25199133974
25199134933
25199134983
25199134990
25199134997
25199135087
25199135088
25199135150
25199135185
25199139574
25199141436
25199141647
25199141904
25199143790
25199143802
25199143882
25199143929
25199143962
25199144190
25199145934
25199146823
25199146845
25199146972
25199146992
25199147038
25199147420
25199147568
25199147704
25199147724
25199147748
25199149575
25199150187
25199150279
25199150601
25199150618
25199150623
25199150665
25199150671
25199150672
25199150685
25199150689
25199150690
25199150696
25199150707
25199150727
25199150730
25199151127
25199152902
25199152955
25199153070
25199153091
25199153155
25199153160
25199153173
25199153208
25199153272
25199153325
25199153335
25199153369
25199153372
25199153379
25199153381
25199153382
25199153395
25199153701
25199153726
25199153741
25199153748
25199153761
25199153764
25199154438
25199154448
25199154452
25199154461
25199154588
25199154632
25199154809
25199155085
25199155090
25199155128
25199155145
25199155203
25199155210
25199155212
25199155213
25199155241
25199155249
25199155258
25199155291
25199155334
25199155344
25199155525
25199155561
25199155634
25199155637
25199155697
25199155699
25199168511
2519B153734
25250018325
25250025699
25250041336
25250075823
25250079865
25250080097
25250080497
25250080966
25250083513
25250100512
25250101402
25250101933
25250103014
25260011897
25450075054
25450077231
25450078387
25450078555
25450078720
25450078820
25450080038
25450087006
25450088134
25450088267
25450088309
25450088757
25450088787
25450119761
25450120257
25450120384
25450120402
25450120979
25450123714
25450124278
25450124341
25450124418
25450124442
25450124510
25450124559
25450129089
25450129523
25450129533
25450129534
25450129560
25450129938
25450130018
25450130045
25450130046
25450130055
25450130058
25450130076
25450130082
25450130085
25450130089
25450130092
25450130094
25450130105
25450130111
25450130113
25450130115
25450130116
25450130120
25450130125
25450130127
25450130134
25450130141
25450130163
25450130165
25450130177
25450130248
25450130265
25450130266
25450130287
25450130328
25450130380
25450130391
25450130412
25450130421
25450130426
25450130487
25450130595
25450130613
25450130641
25450130671
25450130695
25450130739
25450130778
25450131067
25450131075
25450131116
25450131141
25450131146
25450131160
25450131161
25450131164
25450131165
25450131177
25450131178
25450131180
25450131205
25450131210
25450131211
25450131213
25450131214
25450131217
25450131222
25450131229
25450131230
25450131231
25450131243
25450131244
25450131254
25450131265
25450131270
25450131274
25450131284
25450131285
25450131286
25450131296
25450131303
25450131304
25450131307
25450131329
25450131330
25450131347
25450131374
25450131382
25450131384
25450131747
25450131760
25450131771
25450131776
25450131781
25450131784
25450131787
25450131800
25450135326
25450135328
25450135349
25450135363
25450135368
25450135396
25450135400
25450135403
25450135406
25450135410
25450135418
25450135419
25450135420
25450135422
25450135427
25450135439
25450135440
25450135447
25450135450
25450135460
25450135463
25450135464
25450135465
25450135468
25450135469
25450135473
25450135485
25450135487
25450135501
25450135509
25450135510
25450135517
25450135524
25450135538
25450135876
25450136353
25450136358
25450136372
25450136388
25450136389
25450136390
25450136414
25450136421
25450136422
25450136426
25450136441
25450136443
25450136457
25450136462
25450136468
25450136470
25450136472
25450136475
25450136478
25450136479
25450136497
25450136500
25450136503
25450136508
25450136521
25450136522
25450136542
25450136547
25450136559
25450136564
25450136588
25450136606
25450136612
25450136623
25450136627
25450136635
25450136639
25450137280
25450320336
25470000304
25470000514
25470000518
25470000839
25530004978
25530005063
25530005163
25530005332
25530005413
25530005496
25530008650
25530009551
25530010450
25530010786
25530011748
25530011784
25530011787
25530012149
25530012534
25530012838
25530013567
25530013894
25530014747
25530015123
25530015837
25530016092
25530016557
25530017663
25530017882
25530019067
25530019182
25530019372
25530019668
25530019973
25530020729
25530020820
25530021382
25530021405
25530021483
25530021795
25530024500
25530025319
25530025926
25530026159
25530026206
25530026360
25530027487
25530027647
25530027696
25530028460
25530028565
25530029254
25530030041
25530040982
25530040989
25530040990
25530040997
25530041199
25530041303
25530041305
25530041306
25530041556
25530041674
25530042062
25530042084
25530042351
25530042663
25530042721
25530042848
25530042867
25530043000
25530043005
25530043022
25530043104
25530043128
25530043313
25530043331
25530043372
25530043375
25530043391
25530043546
25530043765
25530044002
25530044492
25530044534
25530044669
25530044974
25530045007
25530045014
25530045124
25530045175
25530045184
25530045186
25530045341
25530045430
25530045439
25530045549
25530045608
25530045611
25530045633
25530045636
25530045639
25530045648
25530045672
25530045710
25530045718
25530045728
25530045731
25530045760
25530045783
25530045819
25530045849
25530045863
25530045993
25530045995
25530046067
25530046088
25530046142
25530046290
25530046411
25530046430
25530046443
25530046510
25530046581
25530046604
25530046624
25530046749
25530046836
25530046900
25530046940
25530047004
25530047049
25530047626
25530049101
25530049296
25530050420
25530050446
25530050453
25530050458
25530050478
25530050479
25530050480
25530050503
25530050506
25530050516
25530050518
25530050574
25530050583
25530050800
25530051106
25530051186
25530051513
25530051554
25530051556
25530051581
25530053819
25530055180
25530055576
25530055586
25530057700
25530057725
25530057763
25530057764
25530057768
25530057860
25530060570
25530060624
25530060626
25530060959
25530060964
25530060977
25530061000
25530061035
25530061046
25530063242
25530063336
25530063436
25530064265
25530064270
25530064389
25530064554
25530064569
25530064590
25530064867
25530064877
25530064881
25530064885
25530064950
25530065003
25530065130
25530065172
25530065173
25530065194
25530065364
25530065369
25530065370
25530065550
25530065619
25530065621
25530066010
25530066062
25530066082
25530066094
25530066108
25530066171
25530068009
25530068015
25530068039
25530068063
25530068072
25530068080
25530068109
25530068139
25530068160
25530068162
25530068174
25530068207
25530068256
25530068311
25530068317
25530068398
25530068471
25530070113
25530070136
25530070159
25530070372
25530070384
25530070435
25530082744
25530082752
25530082772
25530082783
25530082839
25530084125
25530085304
25530085346
25530085360
25530085399
25530085413
25530085452
25530085487
25530098902
25530098920
25530099365
25530099408
25530099444
25530099477
25530099567
25530099568
25530099587
25530099615
25530099621
25530099622
25530099688
25530099694
255300B3580
25530102828
25530102848
25530102918
25530102944
25530102971
25530104788
25530113110
25530119885
25530119956
25530122748
25530122896
25530122907
25530122934
25530122945
25530122963
25530122999
25530123005
25530123025
25530123031
25530123047
25530123095
25530123539
25530123551
25530123563
25530123613
25530123622
25530123629
25530123679
25530123683
25530123705
25530123713
25530123753
25530123772
25530124613
25530124730
25530124804
25530124881
25530124936
25530124945
25530125441
25530125719
25530126060
25530167614
25530168098
25530169370
25530170885
25530171016
25530171023
25530171026
25530171027
25530171028
25530171043
25530171095
25530171205
25530171221
25530171223
25530171258
25530171259
25530171561
25530171665
25530171764
25530171806
25530171868
25530172132
25530172892
25530176832
25530176993
25530177089
25534065175
25534068221
26190302269
26190303189
26190303191
26190303194
26190303195
26190303213
26190303218
26190303219
26190303551
26190303553
26190303554
26190303556
26190303912
26190304266
26190314972
26190315095
26190315679
26190315829
26190316974
26190317193
26190317308
26190317769
26190318694
26190322584
26190334035
26190335887
26190336818
26190339026
26190340323
26190341499
26190343812
26190345320
26190345588
26190345738
26190346022
26190346473
26190347133
26190348809
26190355833
26190356961
26190361107
26190389004
26190389007
26190389224
26190390065
26190397885
26190400584
26190402880
26190406347
26190408591
26190408597
26190408764
26190411128
26190413971
26190414498
26190417743
26190423506
26190426058
26190426061
26190427508
26190429811
26190430359
26190432144
26190432581
26190432642
26190432847
26190460848
26190461248
26190463204
26190463368
26190465590
26190469645
26190470302
26190470531
26190471166
26190471357
26190475491
26190475554
26190476609
26190477281
26190477927
26190479357
26190480394
26190481053
26190482231
26190483283
26190531421
26190589979
26190618407
26190618555
26190619026
26190619029
26190619103
26190619289
26190619516
26190619606
26190619726
26190619805
26190619981
26190620640
26190620840
26190621309
26190661112
26190661172
26190661229
26190661289
26190661350
26190661438
26190661893
26190666116
26190667830
26190667835
26190667919
26190667923
26190668121
26190668137
26190668204
26190668234
26190668251
26190668278
26190668585
26190668604
26190668619
26190668932
26190669623
26190669761
26190670408
26190670413
26190670427
26190670541
26190670996
26190671117
26190688219
26190688234
26190688395
26190689747
26190689759
26190689830
26190689894
26190704112
26190706637
26190706829
26190709293
26190709521
26190710215
26190710999
26190718616
26190718806
26190718900
26190719237
26190719348
26190719494
26190719656
26190719688
26190720610
26190721007
26190721255
26190721318
26190721345
26190721362
26190721370
26190721607
26190721659
26190721735
26190721829
26190721874
26190721892
26190722349
26190722472
26190722487
26190722495
26250000902
26250004413
26250004932
26260023090
26260023403
26260030094
26450038238
26450038351
26450039596
26450039754
26450039756
26450039784
26450039785
26450040482
26450041060
26450041758
26450043020
26450078083
26450080182
26450087745
26450087752
26450087901
26450108725
26450109048
26450109803
26450110227
26450115873
26450115968
26450116110
26450116397
26450137285
26450137289
26450137955
26450137956
26450138358
26450138700
26450139055
26450139285
26450139437
26450139655
26450139842
26450139844
26450141098
26450189329
26450193092
26450243700
26450248477
26450249992
26450257261
26450257301
26450257534
26450266790
26450266846
26450266993
26450267255
26450267268
26450267348
26450267418
26450267439
26450267491
26450267734
26450267796
26450267813
26450267820
26450267889
26450268021
26450268383
26450268570
26450268922
26450269252
26450273489
26450274790
26450303027
26450306468
26450306469
26450306524
26450306604
26450306613
26450307061
26450307065
26450307066
26450307067
26450307068
26450307176
26450307191
26450307232
26450307257
26450307259
26450308473
26450308494
26450308534
26450317370
26450317397
26450317456
26450317470
26450317473
26450317475
26450317477
26450319557
26450319653
26450319654
26450319656
26450320100
26450320156
26450320238
26450320320
26450320329
26450320426
26450320467
26450320542
26450320543
26450320571
26450320590
26450320591
26450320592
26450320593
26450320961
26450321138
26450321139
26450321916
26450330482
26450330682
26450330875
26450330925
26450330972
26450331151
26450338497
26450338555
26450342806
26450342854
26450342866
26450342881
26450349101
26450349135
26450350652
26450351829
26450351861
26450351872
26450351925
26450351952
26450351994
26450351995
26450352141
26450352202
26450352224
26450353051
26450353624
26450358670
26450358674
26450358710
26450358784
26450359172
26450359175
26450359178
26450359190
28190303215
29171236016
29171236788
29171236789
29171237662
29171286532
29171367788
29171368116
29171368117
29171368124
29171368267
29171368277
29171368302
29171368454
29171368470
29171368471
29171371570
29171371631
29171371632
29171371633
29171372834
29171372835
29171373732
29171373801
29171373805
29171373813
29171375823
29190065093
29190067549
29190067675
29190069773
29190070080
29190075751
29190076055
29190078749
29190190587
29190199135
29190199139
29190200239
29190201626
29190201703
29190202363
29190202735
29190221479
29190221774
29190221775
29190221777
29190223296
29190224038
29190225841
29190226053
29190337391
29199153263
29250014354
29250015810
29250022408
29530083520
29530099371
29530217639
29530220425
2S530068444
34190073652
34199073536
35170183150
35170185549
35190009159
35190021703
35190030674
35190064536
35190065847
35190072450
35190076325
35190157545
35190201482
35190201967
35190202867
35190205086
35190210159
35190211216
35190212354
35190305676
35190345591
35190345911
35190347296
35190355112
35190435816
35190493326
35190493614
35190494582
35190495546
35190496575
35190497386
35190571559
35190575532
35190575840
35190575974
35190576275
35190576568
35190581095
35190582943
35190583072
35190584226
35190587030
35190587085
35190589867
35190592557
35190592723
35190594450
35190596527
35190596774
35190598084
35190598109
35190607153
35190607447
35190691042
35190691534
35190696899
35190819331
35190820344
35190840673
35190840707
35190842000
35190842409
35190842975
35190846082
35190846304
35190846310
35190847165
35190847260
35190847525
35190848586
35190849214
35190849337
35195709792
35198020170
35260005196
35260005205
35450057932
35450059056
35450059095
35450061159
35450061591
35450066768
35450070322
35450070549
35450071144
35450077339
35450077435
35450077782
35450080144
35450082387
35450082487
35450112242
35450120138
35450205470
35450205671
35450205724
35450207841
35450208285
35450208400
35450211033
35450213820
35450221183
35450221201
35450221468
35450221527
35450221595
35450221907
35450222447
35450222600
35450222667
35450224064
35450224109
35450224465
35450224468
35450270404
35450270521
35450271815
35450273021
35450287492
35450288358
35450288442
35450301251
35450313932
35450314615
35530084163
36170440725
36170440728
36170440738
36170440740
36170440903
36170440905
36170440910
36170440915
36170449243
36170449250
36172126429
36530217627
37190034314
37190037159
37190059623
37190065699
37190108125
37190128452
37190128472
37190129541
37190131009
37190133652
37190400326
37250021047
37250046894
37250064291
37260061856
37450024976
37450025442
37450025448
37450026636
37450026760
37450036868
37450039827
37450039875
37450040626
37450073390
37450073500
37450093329
37450094212
37460001585
37460005901
39170946736
39170946737
39170946744
39170959794
39170959796
39190108613
39190207580
39190208224
39190208321
39190210040
39190211657
39190213349
39190214417
39190234403
39190235999
39190238027
39190238038
39190238181
39190238411
39190239066
39190239480
39190239522
39190239584
39190239600
39190256998
39190257001
39190257441
39190257500
39190258210
39190259085
39190259120
39190260418
39190260425
39190261130
39190281885
39190346277
39190346617
39190347122
39190368807
39190371271
39190402385
39190403580
39190404130
39190423957
39190424769
39190424770
39190424771
39190424772
39190424783
39190424784
39190424788
39190424792
39190426824
39190428745
39190429715
39190430980
39190430990
39190431383
39190432198
39190454794
39190455044
39190460031
39190462612
39190474323
39190474330
39190474405
39190476233
39190476338
39190477483
39190477500
39190477575
39190477576
39190477582
39190477628
39190477646
39190477678
39190477763
39190477772
39190477799
39190477989
39190477992
39190478344
39190478381
39190478382
39190478389
39190478395
39190478408
39190478410
39190478412
39190478452
39190478501
39190478530
39190478711
39190478726
39190478749
39190479035
3919048106A
39190493181
39190493240
39190514260
39190515799
39190517576
39190534571
39190534598
39190534838
39190535401
39270004230
39450121427
39450121485
39450121489
39450121495
39450121592
39450121925
39450122362
39450122410
39450122460
39450122578
39450123259
39450123652
39450123982
39450124040
39450124274
39450124290
39450124302
39450127159
39450128638
39450130080
39450130206
39450130362
39450130422
39450130448
39450130457
39450130462
39450130464
39450130471
39450130494
39450130530
39450205435
39470006228
39470022741
39470023449
39470023462
39530217372
42190181876
42190181948
43171583463
43190191639
43460014613
43460014633
43460014670
43460015457
43460015511
43470000070
43470000188
43470000207
43470000263
43470000333
43470000339
43470000382
43470000402
43470000457
43470000484
45190050228
45190050320
45190052577
45190052936
45190053237
45450016519
45450016606
45450016692
45450016704
45450016705
45450016723
45450016731
45450016747
45450016748
45450016761
45450016762
45450016789
45450016803
45450021131
45450021664
45450024056
45530039619
45530040011
45530054646
45530054675
45530054741
45530054749
45530055405
45530055425
45530055439
45530055499
45530055503
45530055514
45530055518
45530058113
45530061358
45530061996
45530062287
45530062296
45530067260
45530067366
45530067417
45530067520
45530067525
45530067633
45530067807
45530075676
45530075792
45530075805
45530075812
45530076127
45530076199
45530076235
45530076337
45530076425
45530076496
45530076517
45530076571
45530076613
45530076665
45530076698
45530076761
45530076778
45530076780
45530076784
45530077024
45530077093
45530077291
45530077438
45530077446
45530077530
45530077553
45530077602
45530077636
45530077704
45530077745
45530077781
45530077827
45530077834
45530077851
45530077887
45530077953
45530078051
45530078204
45530078268
45530078376
45530078443
45530078498
45530078549
45530078553
45530078616
45530078923
45530078954
45530078956
45530078959
45530078961
45530078963
45530078966
45530078967
45530078970
45530078994
45530079001
45530079022
45530079031
45530079073
45530079075
45530079081
45530079129
45530079142
45530079231
45530079241
45530079283
45530079419
45530079617
45530079647
45530079683
45530079704
45530079778
45530079879
45530079888
45530079910
45530079924
45530080242
45530080244
45530080285
45530080291
45530080296
45530080529
45530080538
45530080539
45530080631
45530080638
45530080817
45530081145
45530081166
45530081220
45530081221
45530081439
45530081458
45530081564
45530081573
45530081730
45530081744
45530081770
45530081774
45530081776
45530081777
45530081779
45530081783
45530081852
45530081911
45530082081
45530082245
45530082247
45530082313
45530082461
45530082530
45530082556
45530082639
45530082729
45530082842
45530082853
45530082863
45530082956
45530082957
45530083002
45530083079
45530112875
45530113000
45530113190
45530113267
45530113514
45530113643
45530113669
45530113692
45530113693
45530113752
45530113756
45530113758
45530113773
45530113782
45530113955
45530113958
45530114103
45530114144
45530114197
45530114621
45530114623
45530115212
45530115227
45530115230
45530115240
45530115291
45530115294
45530115430
45530115573
45530115799
45530115805
45530115822
45530115825
45530115864
45530115915
45530115918
45530115928
45530115985
45530115998
45530116055
45530116377
45530116490
45530116529
45530116695
45530116812
45530116861
45530116863
45530117004
45530117010
45530117043
45530117045
45530117107
45530117224
45530117234
45530117267
45530117284
45530125633
45530126723
45530127017
45530129032
45530132353
45530132359
45530132361
45530132387
45530132445
45530132457
45530132468
45530132510
45530132524
45530132527
45530132531
45530132560
45530132588
45530132590
45530132649
45530132654
45530132655
45530132701
45530132735
45530132739
45530133475
45530133491
45530133492
45530133494
45530137455
45530137478
45530137520
45530137529
45530137591
45530137619
45530137632
45530137638
45530137660
45530137676
45530137681
45530137697
45530137699
45530137715
45530137723
45530137726
45530137733
45530137741
45530137743
45530137745
45530137752
45530137756
45530137775
45530137776
45530137788
45530137804
45530137813
45530137822
45530137840
45530137848
45530137850
45530137855
45530137858
45530137870
45530137887
45530137899
45530137900
45530137907
45530137931
45530137934
45530137967
45530137984
45530137988
45530138018
45530138064
45530138067
45530138074
45530138075
45530138079
45530138080
45530138083
45530138093
45530138094
45530138097
45530138104
45530138109
45530138110
45530138111
45530138113
45530138114
45530138116
45530138120
45530138121
45530138150
45530138158
45530138175
45530138186
45530138212
45530138214
45530138220
45530138232
45530138234
45530138247
45530138260
45530138262
45530138268
45530138279
45530138309
45530138327
45530138336
45530138349
45530138358
45530138391
45530138413
45530138417
45530138420
45530138437
45530138484
45530138504
45530138514
45530138542
45530138550
45530138560
45530138583
45530138592
45530138619
45530138653
45530138666
45530138794
45530138847
45530138856
45530138916
45530138941
45530138965
45530138970
45530138997
45530139077
45530139089
45530139093
45530139120
45530139147
45530139196
45530139218
45530139741
45530139756
45530139760
45530139844
45530139870
45530139872
45530139874
45530139910
45530139933
45530140062
45530140075
45530140088
45530140090
45530140130
45530140155
45530140226
45530140233
45530140234
45530140493
45530140635
45530170800
45530170801
45530170812
45530170816
45530170826
45530174572
45530174607
45530174764
45530174767
45530174801
45530174806
45530174817
45530174898
45530174903
45530174908
45530174928
45530178490
45530193812
45530193813
45530193817
45530193865
45530193881
45530193899
45530193902
45530193905
45530193956
45530194041
45530194054
45530L93990
45531081873
47190031241
47190066622
47190068822
47190068958
47190069461
47190069563
47190074552
47190098518
47190098870
47190099050
47190099455
47190100109
47190123002
47190155148
47190155200
47190155221
47190155663
47190156123
47190156136
47190156175
47190156218
47190156269
47190156358
47190156362
47190156477
47190156658
47190156725
47190156947
47190157268
47190157530
47190157610
47190160187
47190168730
47190168937
47190168958
47190168971
47190169053
47190169055
47190169117
47190169395
47190169616
47190210785
47190214127
47191800124
47193140318
47193160986
47196140463
47198000303
47198000517
47198000674
47198000826
47198003195
47198003248
47198003291
47198003306
47198003308
47198003529
47198003531
47198003563
47198003566
47198005419
47198005521
47198005523
47198005526
47198005573
47198005794
47198007898
47198007902
47198022059
47198025055
47198025057
47198025058
47198025062
47198027145
47198027188
47198027241
47198027254
47198027257
47198027259
47198027307
47198027309
47198027320
47198027324
47198027378
47198027499
47198030271
47198030298
47198030660
47198030719
47198030720
47198030724
47198030725
47198030726
47198030735
47198030736
47198030740
47198030807
47198030808
47198030809
47198030810
47198030811
47198030812
47198030813
47198030814
47198030816
47198030817
47198030820
47198030833
47198030837
47198030838
47198030858
47198030860
47198030861
47198030923
47198030938
47198031002
47198031081
47198031160
47198031166
47198031203
47198031348
47198031389
47198031406
47198031458
47198031461
47198035635
47198040059
47198061479
47198066200
47198066295
47198066520
47198107241
47198107348
47198125250
47198125376
47198125437
47198125486
47198129768
47198129914
47198129916
47198130244
47198130264
47198130429
47198140290
47198140306
47198140417
47198140447
47198140473
47198140529
47198140535
47198140630
47198140638
47198140641
47198140651
47198140677
47198140684
47198140696
47198140746
47198140747
47198140748
47198140797
47198140798
47198140809
47198140814
47198140874
47198140875
47198140891
47198140924
47198140929
47198140934
47198145902
47198146275
47198146312
47198146340
47198146386
47198146459
47198146620
47198147640
47198147641
47198147663
47198147723
47198147728
47198147828
47198147865
47198147906
47198147913
47198147962
47198147965
47198147966
47198147967
47198147982
47198147985
47198148012
47198148018
47198148122
47198148125
47198148126
47198148127
47198148175
47198148210
47198148212
47198148216
47198148217
47198148219
47198148223
47198148330
47198148333
47198148345
47198148366
47198160142
47198160143
47198160148
47198160151
47198160154
47198160218
47198160222
47198160228
47198160259
47198160357
47198160360
47198160361
47198160390
47198160391
47198160448
47198160464
47198160476
47198160517
47198160518
47198160544
47198160547
47198160550
47198160553
47198160556
47198160576
47198160647
47198160687
47198160701
47198160702
47198160749
47198160750
47198160774
47198160822
47198160823
47198160829
47198160830
47198160831
47198160836
47198177997
47198760719
47199007933
47199008471
47199008739
47199008846
47199009009
47199009010
47199009011
47199009013
47199009016
47199009917
47199010146
47199031579
47199031595
47199031667
47199035726
47199035994
47199036561
47199038517
47199038624
47199038690
47199038693
47199038945
47199038989
47199039044
47199039046
47199039192
47199039217
47199039506
47199039513
47199040032
47199041039
47199042036
47199075444
47199075460
47199075845
47199075968
47199076070
47199076400
47199076412
47199076508
47199076760
47199076785
47199076872
47199076942
47199076944
4719B160548
47450000730
47450000902
47450000935
47450001743
47450001922
47450037835
47450038051
47450038110
47450038118
47450038174
47450038209
47450038522
47450038535
47450038953
47450039319
47450039461
47450039464
47450039669
47450039672
47450039682
47450039812
47450039813
47450039842
47450039843
47450039844
47450039932
47450039946
47450039947
47450039948
47450039965
47450039967
47450039968
47450040237
47450040238
47450040240
47450040317
47450040471
47450040480
47450040507
47450040530
47450040864
47450040962
47450040963
47450040985
47450041001
47450041051
47450041171
47450041172
47450046907
47450050084
47450050615
47450050741
47450061568
47450062437
47450062616
47450062835
47450063385
47450072467
47450073054
47450073148
47450073905
47450074507
47450074670
47450074789
47450074791
47450074792
47450075146
47450075147
47450080470
47450080499
47450080591
47450080611
47450080883
47450081302
47450082488
47450082532
47450082602
47452001411
47452001418
47452001765
47452004141
47452004158
47452004259
47452004322
47452005191
47452005323
47452005539
47452015304
47452015365
47452015389
47452015421
47452015554
47452015749
47452015992
47452016068
47452016584
47452016768
47452016839
47452023462
47452023806
47452023854
47452023865
47452023894
47452023895
47452023897
48171581115
48171581116
48171581185
48171581222
48171581244
48171581257
48171581258
48171581488
48171583454
48171583469
48171583471
48171583607
48171587093
48171590950
48171590981
48171591465
48171594842
48171602319
48171604639
48171608926
48171613112
48171616352
48171617524
48171617921
48171624358
48190046897
48190046978
48190047003
48190050201
48190050910
48190051147
48190052015
48190052017
48190052021
48190052026
48190052042
48190052093
48190053159
48190053845
48190054263
48190054463
48190055103
48190055371
48190056249
48190056275
48190056322
48190058669
48190058707
48190059961
48190060336
48190060337
48190060453
48190060578
48190187218
48190188713
48190188733
48190191750
48190191751
48190193509
48190242950
48190244939
48190249752
48190250351
48190256082
48190257801
48251009322
48251042823
48251042971
48251043114
48251043293
48251043318
48451021776
48451058981
48451058993
48451059186
48451059228
48451061719
4S530082817
54190020830
54190068547
54190068701
54190069553
54190069617
54190069659
54190069827
54190070804
54190070961
54190071235
54190071312
54190071550
54190071588
54190074783
54190075172
54190075173
54190075177
54190075448
54190098965
56170367767
56170586425
56170806674
56170811432
56170818792
56170818794
56170818797
56170818801
56170818803
56170818807
56170818815
56170818817
56170818818
56170818819
56170825601
56170825602
56170825606
56170825622
56170825625
56170831786
56170832102
56170834213
56170834223
56170839440
56170839454
56170839458
56170840224
56170840361
56170840365
56170840372
56170840669
56170840741
56170843014
56170843095
56170843096
56170843098
56170843099
56170843755
56170843758
56170843761
56170843763
56170843773
56170843774
56170843777
56170843778
56170843779
56170843780
56170843781
56170843793
56170845134
56170845140
56170846064
56170846566
56170847041
56170847050
56170847563
56170847566
56170847567
56170847574
56170849093
56170849094
56170849095
56170849097
56170849099
56170849113
56170849119
56170849681
56170851473
56170852365
56170852554
56170854943
56170854949
56170854950
56170854954
56170854956
56170854960
56170854964
56170854968
56170855520
56170855525
56170855526
56170855530
56170859142
56170859149
56170859151
56170859829
56170863286
56170863835
56170863936
56170864363
56170864370
56170864389
56170866166
56170866169
56170866174
56170866181
56170866184
56170866189
56170866196
56170866206
56170866207
56172000263
56172000268
56172000270
56172003198
56172035808
56172035812
56172035813
56172041010
56172046281
56172049251
56172052377
56172107578
56172112183
56172112275
56172113313
56172149762
56190069937
56190071423
56190072694
56190074139
56190080041
56190080590
56190080683
56190080685
56190080687
56190080688
56190082178
56190082841
56190156630
58190016374
58190016875
58190020703
58190022676
58190024156
58190027266
58190030966
58190032305
58190032313
58190055680
58190057118
58190181962
58190221179
58190222880
58190226106
58190230448
58190230766
58190234292
58190234890
58190235312
58190235486
58190235496
58190235681
58190236078
58190236423
58190236476
58190251201
58190251697
58190252108
58190252287
58190254674
58190254768
58190254771
58190254803
58190255233
58190255282
58190255827
58190256158
58190256320
58190257722
58190264969
58190266682
58190267156
58190267890
58190268321
58190268330
58190268469
58190269493
58190270927
58190271711
58190272051
58190272692
58190273142
58190273209
58190273223
58190273420
58190273653
58190274272
58190274918
58190275074
58190378132
58190378153
58190378371
58190378519
58190380062
58190380112
58190380189
58190382392
58190382431
58190382990
58190383371
58190383378
58190383943
58190383984
58190384023
58190385008
58190385009
58190385012
58190394787
58190402369
58190405023
58190405137
58190407495
58190408721
62190077324
63190262825
67190028572
67190029112
67190032700
67190032949
67190033328
67190035976
67190051140
67190051267
67190051374
67190051452
67190051583
67190052503
67190052524
67190064847
67190064897
67190067139
67190070266
67190071595
67190071807
67190072488
67190072573
67190072759
67190073331
67190074165
67190074473
67190077297
67190077416
67190077442
67190082443
67190084263
67190085969
67190086362
67190087836
67190088661
67190089609
67190303018
67190321244
67190321388
67190321447
67190323215
67190325623
67190327598
67190337340
67190340500
67190346745
67190349735
67190353125
67190353162
67190359120
67190390527
67190397312
67190401148
67190401219
67190404689
67190406074
67190517361
67190517372
67190517376
67190517417
67190517420
67190517439
67190517452
67190517508
67190519464
67190531968
67190589170
67190589860
67190591593
67190591802
67190591869
67190591875
67190591947
67190591967
67190592000
67190601307
67190610218
67190610222
67190610320
67190610419
67190610710
67190628491
67190635673
67190636167
67190636224
67190637725
67190637742
67190637763
67190637845
67190637851
67190638036
67190638088
67190638217
67190638809
67190638867
67190639716
67190640994
67190641755
67190645054
67190645680
67190685530
67190687675
67190687750
67190688567
67190688675
67190688897
67190689423
67190689431
67190689487
67190691094
67190691519
67190691585
67190691602
67190696933
67190697406
67190697984
67190698114
67190699241
67190699527
67190710140
67190725261
67190725429
67190728368
67190784240
67190785209
67190785374
67190785470
67190786312
67190786510
67190786706
67190786789
67190789109
67190827091
67190827214
67190827252
67190827256
67190827263
67190827293
67190827294
67190827309
67190827347
67190827348
67190827363
67190827378
67190827413
67190827453
67190827455
67190827471
67190827492
67190827533
67190827577
67190827579
67190827580
67190827596
67190827605
67190827611
67190827613
67190827668
67190827694
67190827715
67190827781
67190827783
67190827805
67190827876
67190827881
67190827896
67190827902
67190827910
67190828005
67190828006
67190828026
67190828029
67190828086
67190828146
67190828165
67190828193
67190828211
67190828268
67190828424
67190828477
67190828479
67190828509
67190828521
67190828537
67190828549
67190828555
67190828563
67190828577
67190828581
67190828596
67190828611
67190828621
67190828626
67190828636
67190828641
67190828671
67190828673
67190828674
67190828699
67190828723
67190828747
67190828784
67190828785
67190828794
67190828811
67190828841
67190829025
67190829068
67190829127
67190829135
67190829168
67190829200
67190829210
67190829238
67190829302
67190829308
67190829355
67190829395
67190829400
67190829404
67190829407
67190829416
67190829418
67190829443
67190829458
67190829510
67190829526
67190829546
67190829550
67190829702
67190829731
67190829753
67190829767
67190829777
67190829785
67190829787
67190829799
67190829808
67190829841
67190829859
67190829864
67190829866
67190829881
67190829908
67190829931
67190829951
67190829968
67190830074
67270003674
67450034782
67450034865
67450035189
67450035335
67450035443
67450035752
67450035910
67450035978
67450036119
67450036868
67450036927
67450082083
67450083338
67450083354
67450083379
67450083865
67450083878
67450085527
67450085757
67450085833
67450085855
67450085919
67450086315
67450086512
67450087040
67450087473
67450087753
67450088693
67450098147
67450100713
67450108559
67450109048
67450111387
67450111482
67450112067
67450112098
67450112628
67450112629
67450112630
67450112858
67450112927
67450112980
67450113271
67450113279
67450113300
67450113347
67450113749
67450113751
67450119644
67450119662
67450119737
67450119738
67450119769
67450119792
67450119993
67450119996
67450120059
67450120123
67450120156
68190021624
68190025201
68190032953
68190033054
68190034513
68190044165
68190050787
68190050901
68190051262
68190054594
68190055472
68190056762
68190057113
68190057475
68190057903
68190058093
68190058255
68190059611
68190059840
68190060038
68190060465
68190060581
68190060649
68190061220
68190061317
68190061477
68190061836
68190061951
68190062307
68190062414
68190062504
68190062524
68190210233
68190212793
68190213750
68190221115
68190224323
68190226086
68190226372
68190257907
68190260357
68190260381
68190260453
68190260685
68270010094
68450202810
69450062495
69450082094
69450083192
69450084003
69450085139
69450101051
69450101103
69450104890
69450108346
69450108623
69450140664
69450141478
69450141794
69450163286
69450200217
69450200219
69450200232
69450200265
69450200407
69450200580
69450200699
69450202458
69450261626
69450261764
69450266513
69450266574
69450268428
70190492621
70190535556
70450073724
70450088701
70450099488
70450101889
70450103195
73190050528
73190051036
73450002331
73450002351
73450002352
73450002353
73450002373
73450002652
73450003504
73450003534
73450003586
73450003590
73450003621
73450003831
73450004350
74450001758
74450001932
74450002553
74450002592
74450002606
74450003251
74450003253
74450004520
74450020571
74450025404
74450025560
74450026292
74450026390
74450026574
74450026582
74450026629
74450026645
74450026746
74450040466
74450043695
74450043920
74450045300
74450046298
74450046766
74450047593
74450047828
74450048028
74450048379
74450048403
74450048925
74450048954
74450048994
74450049516
74450049785
74450050005
74450050437
74450050718
74450050747
74450050862
74450050903
74450051288
74450051531
74450051561
74450051574
74450051680
74450052249
74450052256
74450052318
74450052360
74450054868
74450054870
74450054871
74450055530
74450055536
74450055593
74450055612
74450056656
74450059561
74450059642
74450059647
74450059665
74450059670
74450059685
74450059722
74450059772
74450060548
74450060549
74450060564
74450060568
74450060584
74450060685
74450060822
74450060827
74450061956
74450062664
74450062725
74450062789
74450062800
74450062816
74450062887
74450062979
74450062990
74450063044
74450063460
74450063484
74450063489
74450063545
74450063715
74450064107
74450074584
74450074602
74450075217
74450080650
74450080702
74450080725
74450080901
74450080943
74450081003
74450081567
74450081595
74450082518
74450082645
74450082696
74450082993
74450082995
74450083042
74450083104
74450083169
74450083219
74450083400
74450083414
74450083491
74450086110
74450086111
74450086151
74450086170
74450086177
74451000683
74451001653
74451001715
74451002444
74451002551
74451003180
74451003313
74454586056
76450000624
76450000662
76450000666
76450000706
76450004630
76450012023
76450012052
76450012184
76450012699
76450012745
76450012788
76450014653
76450014654
76450014803
76450014823
76450014826
76450014841
76450014842
76450014907
76450014908
76450014924
76450014994
76450015071
76450015074
76450015087
76450015128
76450015129
76450020245
76450020387
76450020409
76450028651
76450031198
76450031213
76450031215
76450031298
76450031555
76450031782
76450031783
76450031788
76450031804
76450035999
78450014800
78450051196
79190003136
79190003455
79190013988
79190014578
79190015077
79190015180
79190015361
79190015717
79190016041
79190016179
79190017055
79190078958
79190103495
79190107905
79190108243
79190108276
79190108546
79190108860
79190114273
79190116506
79190116515
79190116542
79190116942
79190116948
79190116950
79190117078
79190117204
79190117245
79190118586
79190118591
79190118592
79190118596
79190118679
79190118680
79190119311
79190149669
79190149844
79190150632
79190152867
79190158800
79190158867
79190159150
79190159255
79190159519
79190159742
79190177887
79190185528
79190198657
79190199131
79190202048
79190202131
79190202824
79190204828
79190206093
79190206100
79190206997
79190207185
79190207665
79190207863
79190208319
79190208755
79190208796
79190208914
79190208954
79190209375
79190209684
79190209862
79190209926
79190210189
79190210352
79190210610
79190211214
79190214710
79190215288
79190215289
79190215334
79190215737
79190215995
79190216142
79190216436
79190216486
79190216582
79190216611
79190216636
79190217355
79190217497
79190217545
79190217567
79190218756
79190315739
79190319621
79190320151
79190405525
79190416970
79190418082
79190422761
79190424763
79190424771
79190425205
79190463623
79190464654
79190465061
79190483195
79190483543
79190485105
79190490924
79190490945
79190490964
79190491122
79190491226
79190491658
79190491659
79190491857
79190491873
79190491884
79190491889
79190491903
79190492269
79190492664
79190492823
79190492929
79190493137
79190493218
79190493260
79190493553
79190493570
79190493777
79190493778
79190494026
79190494028
79190494160
79190494575
79190494599
79190494628
79190494653
79190494667
79190494732
79190494765
79190494972
79190494975
79190495067
79190495103
79190495104
79190495187
79190495226
79190495273
79190495307
79190495457
79190495476
79190495611
79190496739
79190496753
79190497726
79190497938
79190498327
79190501853
79190502736
79190578147
79190578247
79190579162
79190586813
79190653526
79190654871
79190675146
79190696983
79190699408
79190700139
79190700225
79190700624
79190700648
79190700720
79190700724
79190701469
79190701503
79190701757
79190701808
79190701845
79190702030
79190702061
79190702171
79190702344
79190702466
79190702469
79190892088
79191493982
79450003997
79450005989
79450016695
79450017512
79450018508
79450018515
79450018535
79450030919
79450031081
79450031085
79450031086
79450031095
79450031107
79450031151
79450031171
79450031181
79450032913
79450035641
79450038401
79450038729
79450042185
79450042239
79450042405
79450042523
79450044853
79450046072
79450046095
79450046121
79450046242
79450046519
79450047073
79450047226
79450047849
79450047972
79450048783
79450048959
79450049931
79450049935
79450051155
79450051341
79450053277
79450061119
79450061376
79450061949
79450062228
79450062829
79450068804
79450073060
79450073392
79450073741
79450076007
79450076604
79450076694
79450080888
79450081265
79450081425
79450081458
79450081503
79450081586
79450081595
79450081600
79450081793
79450081835
79450081990
79450082249
79450082554
79450082741
79450082828
79450083133
79450083736
79450084608
79450088382
79450093389
79450093466
79450093682
79450096653
79450096884
79450098790
79450098875
79450099871
79450099872
79450099964
79450100297
79450100487
79450100502
79450100539
79450100553
79450100567
79450100598
79450100660
79450100669
79450100687
79450100723
79450100748
79450101034
79450101051
79450101078
79450101082
79450101087
79450101090
79450101180
79450101195
79450101198
79450101911
79450102575
79450102603
79450102940
79450102975
79450102976
79450103132
79450103148
79450103200
79450103230
79450103292
79450103916
79450105133
79450105164
79450105358
79450105403
79450105417
79450702008
79450702666
79450704241
81190007740
81190007745
81190007970
81190014543
81190014634
81190016494
81190016717
81190016728
81190016751
81190017109
81190020052
81190020133
81190020747
81190020753
81190020902
81190041918
81190041937
81190050587
81190056577
81190056801
81190061931
81190062016
81190066520
81190066580
81190066756
81190066762
81190066899
81190067140
81190086478
81450009926
81450010488
81450010541
81450010556
81450010640
81450010858
81450010968
81450010996
81450011008
81450011021
81450011216
81450011439
81450011756
81450011872
81450011907
81450011955
81450011963
81450011969
81450018989
81450019125
81450019492
81450019953
81450020509
81450020712
81450020827
81450021007
81450026700
81450026741
82190012977
82190016870
82190079296
82190098061
82190098391
82190099701
82190101300
82190154698
82190154730
82190181409
82190181457
82190181458
82190181459
82190181462
82190181469
82190181472
82190181560
82190181594
82190181600
82190181613
82190181703
82190181705
82190181780
82190181790
82190181802
82190181825
82190181829
82190181965
82190181983
82190182050
82190182075
82190182090
82190182100
82190182107
82190182108
82190189115
82190189117
82190189122
82190194252
82190194294
82190281411
83190020723
83190020946
83190026623
83190027235
83190027392
83190028727
83190028932
83190028995
83190029074
83198042939
86270000320
86270000451
86470000620
86470004916
86470004920
86470004982
86470005013
86470005021
89190011884
89190024424
89190026002
89190026003
89190026004
89190026005
89190026006
89190026007
89190026921
89190026922
89190026927
89190026928
89190026941
89190026942
89190026943
89190026944
89190027001
89190027008
89190027019
89190039940
89190039974
89190039997
89190039998
89190040001
89190040060
89190040078
89190040102
89190040123
89190040124
89190040151
89190040189
89190040195
89190040200
89190040222
89190040224
89190040262
89190040267
89190040279
89190040708
89190040788
89190040922
89190040950
89190040962
89190040972
89190040998
89190041002
89190041003
89190041005
89190041009
89190041046
89190041048
89190041111
89190041175
89190041181
89190041213
89190041214
89190041216
89190041269
89190041293
89190041320
89190041326
89190041372
89190041901
89190041958
89190042009
89190042063
89190042071
89190042106
89190042148
89190042195
89190042199
89190042208
90190202764
90190282682
90190282722
90190282777
90190283084
90190302683
90190302747
90190641280
90190683270
91190069118
91190112841
91190113177
91190113421
91190113905
91190115219
91190115770
91190115809
91190115832
91190116264
91190116310
91190116994
91190117424
91190117660
91190118488
91190119392
91190120927
91190121900
91190121962
91190122130
91190122260
91190122356
91190122433
91190123342
91190124395
91190125300
91190125461
91190126698
91190127525
91190127939
91190128509
91190128611
91190128958
91190129156
91190129332
91190129360
91190129614
91190129876
91190129993
91190130061
91190131451
91190131467
91190131908
91190133278
91190136479
91190137786
91190137957
91190138247
91190138375
91190138422
91190138645
91190138668
91190138941
91190138946
91190139427
91190139982
91190140710
91190141831
91190142690
91190142800
91190142840
91190143391
91190143606
91190143761
91190143822
91190144919
91190145115
91190145612
91190146329
91190147013
91190147081
91190147938
91190148074
91190148129
91190148208
91190149564
91190149661
91190149877
91190150423
91190150594
91190151133
91190151634
91190152050
91190153477
91190154322
91190154442
91190155088
91190155750
91190155766
91190155814
91190155889
91190156073
91190157625
91190157871
91190158459
91190158467
91190158609
91190158615
91190159865
91190160258
91190160337
91190160525
91190161476
91190162770
91190162780
91190163024
91190163242
91190163305
91190163543
91190163637
91190164062
91190164579
91190164674
91190164906
91190165396
91190165459
91190165813
91190165976
91190166441
91190166445
91190166782
91190167855
91190167964
91190167970
91190168655
91190168672
91190168725
91190168874
91190168974
91190169022
91190169057
91190169105
91190169874
91190169918
91190220230
91190220299
91190220477
91190220738
91190220746
91190220842
91190220862
91190222007
91190222244
91190222254
91190222266
91190222364
91190222368
91190222415
91190222424
91190222754
91190223794
91190224371
91190224374
91190251844
91190252564
91190252963
91190253244
91190253384
91190253451
91190254831
91190254956
91190255054
91190255148
91190255254
91190255255
91190255304
91190255370
91190255372
91190255452
91190255585
91190255601
91190255629
91190255776
91190256011
91190256112
91190256269
91190256713
91190256755
91190258797
91190259754
91190263348
91190271302
91190271826
91190273043
91190273326
91190273331
91190276658
91190276778
91190276910
91190277851
91190278459
91190278484
91190278564
91190279639
91190279679
91190279680
91190279710
91190280951
91190281211
91190281299
91190282154
91190282426
91190289692
91190291761
91190311773
91190311899
91190311904
91190312468
91190312531
91190314671
91190314880
91190317280
91190317494
91190321281
91190376986
91190389635
91190450426
91190451503
91190451649
91190451703
91190453058
91190453137
91190453179
91190453187
91190455450
91190457790
91190459477
91190459515
91190459541
91190459584
91190460120
91190460350
91190460462
91190460510
91190460555
91190460604
91190460858
91190460930
91190461464
91190461553
91190461658
91190462064
91190462681
91190463109
91190485210
91191224660
91196461641
92190005738
92190006934
92190007092
92190053699
92190136255
92190136447
92190137379
92190144255
92190144455
92190151184
92190179929
92190181781
92190183930
92190184277
92190191137
92190197011
92190197724
92190197814
92190201781
92190203313
92190230650
92190238516
92190239420
92190242581
92190242648
92190243094
92190243132
92190245695
92190245791
92190245888
92190246041
92190246099
92190246942
92190246977
92190247021
92190247071
92190247280
92190247342
92190247664
92190247758
92190248000
92190248149
92190248208
92190248369
92190248436
92190248573
92190248625
92190248777
92190248935
92190248946
92190249410
92190249542
92190249652
92190249784
92190249960
92190250407
92190250704
92190250743
92190250863
92190251450
92190251775
92190252384
92190252968
92190253216
92190253263
92190253386
92190253455
92190256765
92190257696
92190257844
92190258319
92190258717
92190259141
92190259368
92190259542
92190293864
92190297212
92190297920
92190297988
92190297990
92190298001
92190298033
92190298036
92190298120
92190304758
92190309623
92190313736
92190314679
92190314949
92190315009
92190315207
92190315358
92190324055
92190324362
92190326690
92190328794
92190329574
92190330101
92190330439
92190331289
92190332082
92190332786
92190332797
92190332835
92190332854
92190333551
92190333882
92190333988
92190334219
92190334427
92190334794
92190334929
92190335822
92190336100
92190336615
92190336634
92190336684
92190336686
92190338169
92190340225
92190341427
92190341596
92190343108
92190343774
92190344349
92190344532
92190344903
92190345412
92190347715
92190349002
92190349007
92190349109
92190349856
92190349993
92190350018
92190358949
92190366554
92190366646
92190366784
92190367258
92190367755
92190370604
92190370681
92190370704
92190370882
92190370900
92190371465
92190371552
92190371587
92190371599
92190371970
92190371995
92190372121
92190372146
92190372291
92190372300
92190372301
92190372315
92190372363
92190376304
92190381367
92190381432
92190382032
92190385807
92190386603
92190388504
92190388544
92190388554
92190388568
92190388627
92190391678
92190393609
92190393630
92190393639
92190393912
92190394441
92190394443
92190394456
92190394726
92190394919
92190394965
92190394966
92190395378
92190395393
92190395854
92190397166
92190398346
92190398705
92190399196
92190401080
92190402096
92190403755
92190405485
92190405863
92190406121
92190406214
92190407167
92190407854
92190409547
92190411656
92190414160
92190414187
92190414306
92190414417
92190415186
92190415511
92190416098
92190416396
92190417726
92190417885
92190418146
92190418171
92190418675
92190421557
92190421852
92190422146
92190422216
92190422609
92190422740
92190422833
92190422944
92190422956
92190423201
92190423326
92190423474
92190423562
92190423592
92190423755
92190424379
92190424861
92190425111
92190425268
92190426040
92190426181
92190426525
92190426728
92190427222
92190427309
92190428535
92190428548
92190428625
92190428729
92190430350
92190430638
92190430929
92190430944
92190430945
92190431028
92190433620
92190506645
92190508284
92190509977
92190513877
92190519995
92190522082
92190528513
92190528520
92190530157
92190530182
92190530317
92190535080
92190535734
92190535943
92190538284
92190543241
92190545828
92190545956
92190548308
92190549772
92190568530
92190575086
92190575855
92190576296
92190576799
92190582353
92190583947
92190584283
92190584335
92190584365
92190584384
92190584429
92190584694
92190585129
92190585722
92190589955
92190590908
92190591582
92190592711
92190593159
92190593320
92190594061
92190594216
92190596919
92190598028
92190598455
92190598601
92190598751
92190599352
92190599530
92190602883
92190608342
92190608611
92190608812
92190612253
92190612649
92190614626
92190618572
92190619736
92190619754
92190620003
92190621547
92190623097
92190623800
92190624024
92190624575
92190626491
92190626876
92190627470
92190627619
92190628934
92190629721
92190630051
92190631283
92190633587
92190635687
92190636301
92190637134
92190637314
92190637743
92190637755
92190638087
92190638256
92190638303
92190639051
92190643861
92190644631
92190645387
92190646012
92190647597
92190647610
92190648175
92190648263
92190648284
92190648689
92190649184
92190649475
92190649601
92190650728
92190650756
92190650863
92190651199
92190651279
92190651517
92190651568
92190651892
92190651919
92190652457
92190653089
92190653871
92190653975
92190654265
92190655158
92190657023
92190657329
92190657588
92190660193
92190665523
92190665618
92190665626
92190667757
92190668128
92190671340
92190671468
92190671609
92190672267
92190672852
92190673053
92190673992
92190674250
92190674414
92190674419
92190674596
92190674892
92190676867
92190677270
92190680893
92190681314
92190683405
92190683613
92190683682
92190683886
92190684376
92190685454
92190685762
92190686669
92190686975
92190687013
92190687014
92190687169
92190687234
92190687259
92190687429
92190688006
92190688169
92190688229
92190688248
92190688527
92190688831
92190688851
92190688904
92190689706
92190689995
92190693477
92190695459
92190697570
92190697631
92190699255
92190700326
92190701645
92190701786
92190701793
92190702393
92190702415
92190704008
92190704183
92190705044
92190705741
92190705834
92190706034
92190706606
92190707147
92190707154
92190707301
92190708106
92190708726
92190708832
92190709485
92190710336
92190742209
92190755753
92190756055
92190768388
92190779059
92190779580
92190792139
92190850865
92194050292
92196092802
92198654082
92530242420
93190006422
93190068042
93190068171
93190068998
93198040164
93198040542
93198043757
93198043780
93198043814
93198043914
93198043915
93198043916
93198043917
93198043918
93198043919
93198043920
93198043921
93530234001
94190005887
94190006513
94190067424
94190078507
94190078611
94190081401
94198073651
94198073814
94198078524
94198081530
94199005596
94199006002
94199006394
94199006406
94199006448
94199006635
94199006910
94199007026
94199007027
94199007057
94199007083
94199007104
94199007149
94199007153
94199007167
94199007202
94199008248
94199008264
94199023788
94199023900
94199024944
94199025141
94199025528
94199025634
94199038334
94199063182
94199063848
94199063982
94199066724
94199067337
94199067341
94199067343
94199067433
94199067439
94199067649
94199070767
94199071053
94199071608
94199072169
94199073175
94199073178
94199073179
94199073492
94199073530
94199073550
94199073580
94199073585
94199073605
94199073610
94199073639
94199073640
94199073650
94199073692
94199073767
94199073777
94199073792
94199073817
94199073838
94199073843
94199074340
94199078278
94199078280
94199078318
94199078356
94199078377
94199078396
94199078420
94199078423
94199078441
94199078446
94199078448
94199078454
94199078465
94199078469
94199078487
94199078517
94199078600
94199078631
94199078747
94199078763
94199082140
94199087343
94199087433
94199906221
94450001156
94450001357
94450001496
94450001514
94450001529
94450001531
94450004157
94450005342
94450007204
94450007209
94450007250
94450009065
94450009067
94450026164
94450026766
94450026905
94450027091
94450027092
94450027141
94450099490
94450099491
94452019505
96190027632
96190032295
96190037578
96190039921
96190075229
96190075241
96190075493
96190075661
96190075662
96190075677
96190077223
96190079554
96190215623
96190217635
96190220137
96190221146
96190226357
96190263138
96190315527
96190315954
96190316382
96190316394
96190316402
96190316464
96190316477
96190316510
96190316563
96190316689
96190316760
96190316869
96190316928
96190316991
96190317274
96190317289
96190317487
96190317512
96190317550
96190317865
96190317890
96190318025
96190318073
96190318121
96190318384
96190318757
96190318904
96190318925
96190318948
96190319043
96190319118
96190320070
96190320437
96190322135
96190323248
96190325135
96190325385
96190325413
96190325819
96190402784
96190402874
96190402973
96190402976
96190402991
96190403376
96190403455
96190404212
96190404363
96190406198
96190406870
96190407088
96190407439
96190418087
96190418094
96190418860
96190418923
96190419032
96195037114
96450028526
97190006406
97190006585
97190015035
97190016905
97190017201
97190017601
97190017738
97190018375
97190019125
97190019132
97190019159
97190021073
97190022041
97190022398
97190023230
97190023236
97190023426
97190023427
97190023433
97190023592
97190023663
97190023758
97190023817
97190023986
97450120139
98190008918
98190009509
98190017868
98190202573
98190202670
98190202767
98190219813
98190219841
98190219846
98190219847
98190221699
98190226855
98190227133
98190245462
98190245928
98190245932
98190247034
98190247085
98190250049
98190261028
98190262246
98190262818
98190263118
98190263131
98190263247
98190263780
98190263821
98190281282
98190281294
98190281305
98190281338
98190281361
98190281385
98190282672
98190282724
98190282817
98190282831
98190282834
98190282845
98190283134
98190283213
98190283243
98190283805
98190288241
98190288615
98190289979
98190290061
98190290111
98190290162
98190291217
98190291230
98190291244
98190291247
98190291292
98190291499
98190291501
98190291503
98190291520
98190301363
98190301367
98190301383
98190301391
98190301448
98190301449
98190301457
98190301458
98190301480
98190301493
98190301496
98190301498
98190301500
98190301501
98190301504
98190301514
98190301515
98190301522
98190301528
98190301546
98190301547
98190301548
98190301586
98190301768
98190301772
98190301783
98190301804
98190301809
98190301812
98190301817
98190301818
98190301826
98190301830
98190301847
98190301880
98190301900
98190301913
98190301914
98190301958
98190302143
98190302153
98190302158
98190302264
98190302291
98190302343
98190302395
98190302413
98190302424
98190302426
98190302431
98190302436
98190302468
98190302475
98190302481
98190302487
98190302493
98190302508
98190302511
98190302512
98190302513
98190302522
98190302524
98190302531
98190302534
98190302536
98190302547
98190302549
98190302550
98190302565
98190302567
98190302572
98190302586
98190302618
98190302645
98190302661
98190302667
98190302712
98190302746
98190303346
98190303353
98190304501
98190304506
98190304594
98190304604
98250015914
98270000684
98450029900
98450029952
98460025371
98460025406
98460025684
98460025803
99190032987
99530068790
99530074982
99530104220
99530104229
99530104238
99530104297
99530104329
99530104351
99530104396
99530104500
99530104511
99530104588
99530104700
99530104745
99530104810
99530104849
99530104894
99530104910
99530104930
99530104952
99530104988
99530105051
99530105063
99530105064
99530105080
99530105137
99530105189
99530105398
99530105515
99530105531
99530105804
99530105874
99530105877
99530106085
99530106119
99530106218
99530106307
99530106376
99530106416
99530106547
99530106757
99530106905
99530106972
99530107074
99530107326
99530108107
99530108108
99530108396
99530108465
99530108701
99530108743
99530108945
99530109065
99530109141
99530109263
99530109359
99530109403
99530109411
99530109951
99530109954
99530110013
99530110017
99530110023
99530110214
99530110224
99530110521
99530110631
99530110635
99530110746
99530110784
99530110790
99530110805
99530110864
99530111021
99530111103
99530111116
99530111157
99530111191
99530111223
99530111295
99530111556
99530111566
99530111615
99530111621
99530111648
99530111711
99530111733
99530111746
99530111817
99530111825
99530111934
99530111944
99530111947
99530111999
99530112046
99530112055
99530112192
99530112196
99530112240
99530112244
99530112260
99530112335
99530112368
99530112384
99530112394
99530112457
99530112511
99530114501
99530115239
99530115247
99530115291
99530115323
99530115387
99530115398
99530115403
99530115411
99530115437
99530115449
99530115591
99530115645
99530115833
99530115874
99530115937
99530116469
99530116517
99530116547
99530116552
99530116609
99530116615
99530116620
99530116636
99530116679
99530116727
99530116740
99530116762
99530116801
99530117026
99530117328
99530117342
99530119682
99530127206
99530127243
99530127368
99530127380
99530127408
99530127431
99530127463
99530130350
99530130355
99530130449
99530130904
99530131641
99530132048
99530135987
99530136164
99530136205
99530193386
99530210116
99530216189
99530216321
99530216399
99530216746
99530216815
99530217110
99530217399
99530217524
99530217611
99530217615
99530217764
99530218120
99530220044
99530220992
99530230084
99530232749
99530233060
99530233157
99530233369
99530233467
99530233666
99530233700
99530233791
99530233848
99530233876
99530234042
99530234066
99530234683
99530234787
99530285929
99530286038
99530286267
99530286534
99530286551
99530287560
99530287889
99530287890
99530288037
99538103996
9E190282275
A0530022255
A0530022342
A0530063504
A0530063556
A0530063671
A0530063795
A0530064083
A0530064663
A0530064829
A0530064833
A0530064850
A0530064895
A0530067402
A0530067597
A0530067626
A0530067684
A0530067697
A0530067711
A0530067927
A0530068028
A0530068029
A0530068040
A0530068078
A0530068086
A0530068091
A0530068121
A0530068156
A0530068700
A0530078319
A0530078644
A0530078821
A0530079088
A0530079225
A0530079394
A0530079593
A0530079752
A0530079770
A0530080226
A0530080929
A0530080983
A0530081011
A0530081045
A0530081064
A0530081123
A0530081200
A0530084637
A0530085373
A0530085454
A0530085455
A0530085497
A0530085596
A0530085718
A0530085721
A0530085796
A0530085910
A0530086129
A0530086141
A0530086621
A0530086746
A0530086825
A0530134965
A0530135043
A0530135287
A0530135754
A0530136153
A0530136562
A0530159324
A0530159331
A0530159927
A0530162484
A0530162726
A0530162727
A0530162982
A0530162992
A0530163019
A0530163033
A0530163041
A0530163271
A0530163295
A0530163331
A0530180930
A0530188511
A0530188637
A0530188787
A0530188790
A0530188827
A0530188874
A0530188916
A0530189017
A0530189025
A0530189055
A0530189064
A0530189172
A0530189184
A0530189226
A0530189260
A0530189385
A0530189387
A0530189405
A0530189414
A0530189435
A0530189568
A0530189706
A0530189727
A0530189740
A0530189783
A0530189841
A0530189946
A0530866064
A0540001484
A0540002460
A0550008078
A0550008124
A0550008289
A0550019319
A0550019386
A0550019420
A0550020214
A0550020329
A0550020422
A0550020473
A0550020478
A0550020492
A0550020508
A0550020542
A0550020548
A0550020618
A0550021341
A0550022103
A0550022114
A0550022144
A0550022164
A0550022175
A0550022178
A0550022193
A0550022212
A0550022228
A0550022237
A0550022261
A0550022268
A0550022276
A0550022358
A0550022371
A0550022476
A0550022975
A0550022977
A0550022981
A0550023083
A0550023181
A0550023196
A0550023205
A0550023273
A0550023274
A0550023279
A0550023311
A0550023313
A0550023333
A0550023336
A0550023924
A0550023928
A0550029424
A0550031384
A0550031388
A0550031401
A0550031423
A0550031426
A0550031497
A0550031515
A0550031572
A0550031586
A0550031600
A0550031624
A0550031633
A0550031647
A0550031651
A0550031652
A0550031661
A0550031695
A0550031698
A0550031727
A0550031762
A0550031775
A0550031784
A0550031785
A0550031794
A0550031798
A0550031918
A0550031944
A0550031961
A0550031988
A0550032018
A0550032019
A0550032020
A0550032049
A0550032051
A0550032086
A0550032091
A0550032108
A0550032112
A0550032113
A0550032114
A0550032151
A0550032157
A0550032195
A0550032198
A0550032203
A0550032208
A0550032215
A0550032221
A0550032237
A0550032273
A0550032303
A0550032304
A0550032308
A0550032313
A0550032323
A0550032358
A0550032425
A0550032434
A0550032437
A0550032438
A0550032454
A0550032457
A0550032482
A0550032499
A0550032523
A0550032559
A0550032575
A0550032577
A0550032592
A0550032601
A0550032613
A0550032629
A0550032631
A0550032661
A0550032666
A0550032667
A0550032698
A0550032702
A0550032714
A0550032717
A0550032722
A0550032754
A0550032762
A0550032813
A0550032824
A0550032825
A0550032827
A0550032863
A0550032884
A0550032902
A0550032914
A0550032924
A0550032932
A0550032937
A0550032952
A0550032953
A0550032976
A0550032984
A0550033014
A0550033022
A0550033028
A0550033038
A0550033042
A0550033054
A0550033055
A0550033064
A0550033067
A0550034991
A0550035078
A0550035248
A0550035265
A0550035267
A0550035272
A0550035275
A0550035276
A0550035278
A0550035775
A0550035783
A0550035784
A0550035785
A0550035787
A0550035808
A0550035813
A0550035816
A0550035822
A0550035828
A0550035829
A0550035835
A0550035836
A0550035845
A0550035846
A0550035848
A0550035854
A0550035855
A0550035856
A0550035858
A0550035859
A0550035866
A0550035868
A0550035877
A0550035927
A0550035928
A0550035931
A0550035941
A0550035945
A0550036016
A0550036022
A0550036026
A0550036028
A0550036030
A0550036067
A0550036074
A0550036115
A0550036119
A0550036121
A0550036129
A0550036137
A0550036139
A0550036142
A0550051937
A0550052105
A0550052394
A0550052399
A0550052404
A0550052474
A0550052485
A0550052697
A0550052715
A0550052816
A0550065223
A0550065234
A0550065248
A0550065407
A0550065601
A0550065624
A0550065658
A0550065685
A0550066377
A0550066382
A0550066467
A0550066477
A0550066522
A0550066523
A0550066526
A0550066591
A0550066774
A0550066832
A0550066952
A0550067475
A0550067692
A0550067700
A0550067715
A0550067722
A0550067762
A0550067810
A0550067816
A0550068165
A0550068225
A0550068228
A0550068232
A0550068233
A0550068239
A0550068241
A0550068244
A0550068247
A0550068255
A0550068261
A0550068272
A0550068273
A0550068277
A0550068285
A0550068288
A0550068297
A0550068332
A0550068333
A0550068337
A0550068373
A0550068376
A0550069163
A0550069172
A0550069174
A0550069175
A0550069184
A0550069190
A0550069206
A0550069211
A0550069218
A0550069222
A0550069246
A0550069247
A0550069253
A0550069256
A0550069259
A0550069265
A0550069266
A0550069267
A0550069268
A0550069273
A0550069280
A0550069290
A0550069292
A0550069294
A0550069295
A0550069300
A0550069308
A0550069316
A0550069332
A0550069336
A0550069339
A0550069341
A0550069744
A0550069880
A0550070110
A0550070112
A0550070113
A0550070119
A0550070121
A0550070128
A0550070134
A0550070137
A0550070138
A0550070152
A0550070155
A0550070156
A0550070157
A0550070167
A0550070172
A0550070173
A0550070175
A0550070181
A0550070186
A0550070200
A0550070201
A0550070202
A0550070206
A0550070207
A0550070208
A0550070215
A0550070217
A0550070225
A0550070231
A0550070233
A0550070235
A0550070268
A0550070287
A0550070495
A0550070503
A0550070507
A0550070588
A0550070606
A0550070644
A0550070645
A0550070678
A0550070681
A0550070684
A0550070685
A0550071306
A0550071309
A0550071383
A0550071458
A0550071477
A0550071512
A0550071545
A0550079358
A0550079443
A0550079474
A0550081166
A0550081902
A0550081909
A0550081910
A0550093214
A0550103650
A0550103878
A0550106658
A0550106772
A0550107562
A0550107622
A0550107625
A0550124824
A0550124961
A0550125123
A0550125197
A0550125314
A0550125567
A0550125624
A0550125724
A0550125795
A0550125934
A0550127762
A0550135148
A0550135467
A0550135695
A0550135716
A0550135746
AC530159299
AC550097285
LA530003504
LA530028503
LA530030280
LA530030281
LA530030379
LA530030430
LA530031169
LA530031754
LA530080032
LA530081117
LA530081167
LA530081186
LA530083576
LA530083636
LA530083638
LA530084289
LA530084606
LA530085562
LA530088066
LA530088181
LA530088184
LA530091467
LA530139171
LA530139272
LA530139286
LA530142825
LA530143032
LA530143052
LA530143246
LA530143508
LA530144108
LA530144141
LA530144158
LA530144168
LA530149484
LA530149502
LA530149603
LA530150000
LA530150016
LA530150100
LA530150322
LA530150404
LA530150410
LA530150476
LA530151033
LA530151258
LA530151401
LA530151438
LA530151630
LA530151634
LA530151658
LA530151824
LA530151825
LA530151856
LA530151859
LA530151887
LA530152020
LA530152364
LA530152370